paper_id,cluster_id,title,year,domain,logic_mode,chunk_count,page_start,page_end,total_char_count,total_token_estimate,experimental_systems,methods,causal_rungs,conflict_signals,conflict_score,quality_proxy,profile_digest
1_1,pc_bc730260ab9bc5c4fc989a60,,,wet_lab_molecular,contrastive,32,1,32,123034,30768,cell_line | cultured_cells | ex_vivo | in_vivo | mouse | tissue | yeast,crispr | cross_validation | gene_knockdown | microscopy | rna_sequencing,association | intervention | mechanism,did not | however | inconsistent | opposite | whereas,0.052492126181,1.0,sha256:8587682b142e4c732db6bd3b3609c7179a8e0808a79bd301321643f994446d7b
1_10,pc_57c07a1c1ea14fc03178f36e,,,computational_biology,methodological,15,1,15,63984,16002,cell_line | mouse | tissue,benchmarking | crispr | rna_sequencing,association | intervention,although | however | in contrast,0.047438330171,1.0,sha256:9b694c09583523e5672443ae4adaf1b9c1d696c1857bfd98b4e12b068cda9e94
1_11,pc_e937b64f2bc408bee45758c1,,,computational_biology,causal_validation,9,1,9,50855,12718,mouse | tissue,ablation_study | benchmarking | crispr | rna_sequencing,association | intervention | mechanism,however | in contrast | opposite,0.051085568327,1.0,sha256:6ef3cc8a452692965f79784eee9544bd4bfbbf4e422b06f13b1ddd746d9d20c7
1_12,pc_57c07a1c1ea14fc03178f36e,,,computational_biology,methodological,18,1,18,45358,11346,cell_line | tissue,benchmarking | crispr | regression | rna_sequencing,intervention,did not | however | opposite | whereas,0.119264767784,1.0,sha256:e8457c5fa1ffdd4d309042e6ce4106d9ffccdad50944c04d499f965e0e6e2c40
1_13,pc_e937b64f2bc408bee45758c1,,,computational_biology,causal_validation,28,1,28,112711,28189,cell_line | ex_vivo | human_participants | in_vitro | in_vivo | mouse | organoid | tissue,crispr | cross_validation | gene_knockout | qpcr | regression | rna_sequencing,association | intervention | mechanism,although | however | whereas,0.039208589697,0.942857142857,sha256:c1b71a70fdfd75a7d3b015c28a8068d4f08634c688bcff60c52842afc6e5d88d
1_15,pc_e937b64f2bc408bee45758c1,,,computational_biology,causal_validation,20,1,20,143400,35857,cell_line | mouse | tissue,benchmarking | crispr | gene_knockout | regression | rna_sequencing,association | intervention | mechanism,although | did not | however | whereas,0.01768893999,1.0,sha256:816abfc07daead9713312f87c78b6ed8b055f851b7543a395c542fbb2113dfd9
1_16,pc_57c07a1c1ea14fc03178f36e,,,computational_biology,methodological,15,1,15,86238,21564,cell_line | human_participants | in_vitro | in_vivo | mouse | organoid | tissue,ablation_study | benchmarking | crispr | cross_validation | rna_sequencing,association | intervention | mechanism,although | did not | however,0.018692986392,1.0,sha256:dea4ad4872e9ef93f2dbaa952a656db23572d9d88f95f6dcf2a4b88079d6b85f
1_17,pc_57c07a1c1ea14fc03178f36e,,,computational_biology,methodological,20,1,20,57321,14339,cell_line | tissue,ablation_study | regression | rna_sequencing,intervention | mechanism,although | contrary to | however | in contrast,0.086009174312,1.0,sha256:2cf4b00240bd9d11862f93f372b797d712b770b100cdce1140cb25cddbd5b881
1_18,pc_e937b64f2bc408bee45758c1,,,computational_biology,causal_validation,16,1,16,91411,22859,cell_line | in_vivo | mouse | tissue,ablation_study | cross_validation | gene_knockout | gene_overexpression | rna_sequencing,association | intervention | mechanism,although | did not | however | opposite,0.039260475409,1.0,sha256:ce2157f845152689c216881835aac5b104457bf272a0ea2c3c210449a72a0152
1_19,pc_e937b64f2bc408bee45758c1,,,computational_biology,causal_validation,23,1,23,114369,28602,cell_line | human_participants | mouse | rat | tissue,ablation_study | benchmarking | crispr | cross_validation | gene_overexpression | regression | rna_sequencing,association | intervention | mechanism,although | did not | however | in contrast | whereas,0.091531829456,1.0,sha256:8ba624cc235b4180996697d9e2c77b43e3a7bee90a523ee9ec21067cd5291e55
1_2,pc_862c82c86597d1ca5fb0efe1,,,wet_lab_molecular,causal_validation,10,1,10,63893,15976,cell_line | cultured_cells | in_vivo | mouse | tissue,crispr | flow_cytometry | gene_knockout | rna_sequencing,association | intervention | mechanism,although | did not | however | in contrast | opposite,0.033868782659,1.0,sha256:5a367a46dbc13eaca7e94472cd9dbf5d47414af39c34178b7c8323194bffedfc
1_20,pc_bc730260ab9bc5c4fc989a60,,,wet_lab_molecular,contrastive,27,1,27,86089,21531,cell_line | cultured_cells | human_participants | mouse | tissue,benchmarking | crispr | rna_sequencing,association | intervention | mechanism,although | in contrast | inconsistent | whereas,0.034482758621,1.0,sha256:571cc5cc504915026f3a6af7180c9e00b426f9231b491a45dae97c6e76ed1757
1_3,pc_862c82c86597d1ca5fb0efe1,,,wet_lab_molecular,methodological,21,1,21,78625,19664,cell_line | drosophila | in_vivo | mouse | tissue,crispr | qpcr | rna_sequencing,association | intervention,did not | however | in contrast,0.068454538133,0.961904761905,sha256:9d97e769cbd899b2a9b7ec0be4d839d6c0803361110d97588d289a408eeee81a
1_4,pc_bc730260ab9bc5c4fc989a60,,,wet_lab_molecular,contrastive,15,1,15,37922,9486,cell_line | in_vitro | in_vivo | mouse | organoid,flow_cytometry | regression | rna_sequencing,association | intervention | mechanism,although | did not | however | whereas,0.106119561372,1.0,sha256:46ada71cdab1afb4d10d852565863614979cbba1e649ed43fa3fcc0f75c09d61
1_5,pc_e937b64f2bc408bee45758c1,,,computational_biology,causal_validation,10,1,10,52731,13187,cell_line | human_participants | in_vitro | mouse | rat,benchmarking | crispr | flow_cytometry | gene_knockout | rna_sequencing,association | intervention,although | did not | however | in contrast | whereas,0.070414270626,1.0,sha256:96a35a527ece1e7a49eba0c4374a11d167c877d1425c9a294250e8b3a957d591
1_6,pc_57c07a1c1ea14fc03178f36e,,,computational_biology,methodological,21,1,21,98800,24708,cell_line | human_participants | mouse | primary_cells | rat | tissue,benchmarking | microscopy | rna_sequencing,association | intervention | mechanism,however | in contrast | whereas,0.061504596659,1.0,sha256:e7ef785d97f0620e4deb6168b04c040da34c3c97a438bc25e37c48e551f54899
1_7,pc_01d7fbd46979d5b06bcae916,,,computational_biology,contrastive,19,1,19,97827,24464,cell_line | human_participants | mouse | rat | tissue,benchmarking | crispr | gene_overexpression | regression | rna_sequencing,association | intervention,although | contrary to | did not | however | in contrast,0.055584619409,1.0,sha256:0d6f95369bf59af37346336244abd641e632a30f396874f15b310b581558634a
1_8,pc_862c82c86597d1ca5fb0efe1,,,wet_lab_molecular,methodological,21,1,21,61235,15316,cell_line | in_vitro | in_vivo | mouse | organoid,ablation_study | benchmarking | crispr | rna_sequencing,association | intervention,although | however | opposite | whereas,0.059795607741,1.0,sha256:2f0f5c5f3bb584b4633215d76429856d8b76e77da3cd92938f40e8c7221d0d6e
1_9,pc_57c07a1c1ea14fc03178f36e,,,computational_biology,methodological,12,1,12,38528,9636,cell_line,benchmarking | rna_sequencing,intervention | mechanism,however | in contrast | whereas,0.065757027782,1.0,sha256:de448403ed5ba58c8ff491d184360663f2ebce7f1ee6c315a9e69a549b7a9dd3
