event	utc	group	exit_code	json_count
start	2026-07-22T18:06:33Z	long/1		
start	2026-07-22T18:06:33Z	long/2		
start	2026-07-22T18:06:33Z	long/3		
start	2026-07-22T18:06:33Z	long/4		
start	2026-07-22T18:06:33Z	long/5		
start	2026-07-22T18:06:33Z	long/6		
start	2026-07-22T18:06:33Z	long/7		
start	2026-07-22T18:06:33Z	short/1		
finish	2026-07-22T18:15:17Z	short/1	1	5
start	2026-07-22T18:15:17Z	short/2		
finish	2026-07-22T18:24:01Z	short/2	1	5
start	2026-07-22T18:24:01Z	short/3		
finish	2026-07-22T18:25:15Z	long/1	1	18
start	2026-07-22T18:25:15Z	short/4		
finish	2026-07-22T18:26:17Z	long/5	1	23
start	2026-07-22T18:26:17Z	short/5		
finish	2026-07-22T18:28:56Z	long/2	1	16
start	2026-07-22T18:28:56Z	short/6		
finish	2026-07-22T18:31:51Z	short/3	0	7
start	2026-07-22T18:31:52Z	short/7		
finish	2026-07-22T18:33:15Z	short/5	0	7
start	2026-07-22T18:33:15Z	short/8		
finish	2026-07-22T18:34:32Z	short/4	1	3
start	2026-07-22T18:34:32Z	short/9		
finish	2026-07-22T18:34:42Z	short/6	0	6
start	2026-07-22T18:34:42Z	short/10		
finish	2026-07-22T18:35:03Z	long/7	1	20
finish	2026-07-22T18:37:48Z	long/3	1	18
finish	2026-07-22T18:39:12Z	short/8	1	4
finish	2026-07-22T18:42:33Z	long/4	1	29
finish	2026-07-22T18:45:23Z	short/10	0	6
finish	2026-07-22T18:46:23Z	short/9	1	2
finish	2026-07-22T18:47:15Z	long/6	1	20
finish	2026-07-22T18:49:36Z	short/7	1	3
