horizon,group,paper_id,source_pdf,source_sha256,output_json,output_sha256,schema_version,packet_status,quality_score,precision,recall,source_chunks,selected_chunks,delivery_phase,recovery_attempt,model,report_record
long,1,1_1,data/formal_corpus/long/1/1_1.pdf,9e333c6d3cc2883d17b2df4eea75a355ff973bd18f5988341094c694324cc790,data/formal_outputs/2_2_version_228/long/1/1_1.json,99368503561a37ae69bcd0aee1f78bfafb4dbbdcdfc3211f18f1a8c6a23f82e4,2.2,accepted,1.0,1.0,1.0,32,4,initial,,deepseek-v4-pro,data/formal_outputs/2_2_version_228/reports/long/1/papers.jsonl
long,1,1_2,data/formal_corpus/long/1/1_2.pdf,5d75db9a958c808a49a93cdaea818ef257430a32e2264ded4d693d216d9980e4,data/formal_outputs/2_2_version_228/long/1/1_2.json,228df5c706f74a489c8ddb96a113e6ca6e4a72f37f0bf06104815cb01bce5ca9,2.2,accepted,1.0,1.0,1.0,10,4,initial,,deepseek-v4-pro,data/formal_outputs/2_2_version_228/reports/long/1/papers.jsonl
long,1,1_3,data/formal_corpus/long/1/1_3.pdf,d0ac01d1a16caec555b28339e6530b7efd4d5cea869f9ea6558b5125113662c3,data/formal_outputs/2_2_version_228/long/1/1_3.json,cd98966c94562e54b9b9cf021ea244d36203086c187b84835ef1d2feb4479c4d,2.2,accepted,1.0,1.0,1.0,21,4,initial,,deepseek-v4-pro,data/formal_outputs/2_2_version_228/reports/long/1/papers.jsonl
long,1,1_4,data/formal_corpus/long/1/1_4.pdf,902df4c7f7ead1917eca08e8062d0cf8873620880dc00347ef711b5c4cec1bcd,data/formal_outputs/2_2_version_228/long/1/1_4.json,7d12fad80f57e62edd57f651f0a7cf192c4ce144afaa84de3bddd2af843ad8a0,2.2,accepted,1.0,1.0,1.0,15,4,initial,,deepseek-v4-pro,data/formal_outputs/2_2_version_228/reports/long/1/papers.jsonl
long,1,1_5,data/formal_corpus/long/1/1_5.pdf,b7760838427b9a60f1f1319bcfbeef42b71511b4858defb4d922508cc247c224,data/formal_outputs/2_2_version_228/long/1/1_5.json,dacd779610dc476999bfbd52493361c40e277a336ea3b0be254ee04908a84a71,2.2,accepted,1.0,1.0,1.0,10,4,initial,,deepseek-v4-pro,data/formal_outputs/2_2_version_228/reports/long/1/papers.jsonl
long,1,1_6,data/formal_corpus/long/1/1_6.pdf,7b86ba796307b4b4bb68d93a940a1785581776fa0a50312661d21f679a4c9c91,data/formal_outputs/2_2_version_228/long/1/1_6.json,a92b1e6e3551d6e27e1c88ecd98722035ec187c1b791988452bb4cda6d274bb4,2.2,accepted,0.9298,0.9815,0.8833,21,4,initial,,deepseek-v4-pro,data/formal_outputs/2_2_version_228/reports/long/1/papers.jsonl
long,1,1_7,data/formal_corpus/long/1/1_7.pdf,9082a03a215f000c431a6cc726909f3122a22eb59985d729b3ed23fabc301dde,data/formal_outputs/2_2_version_228/long/1/1_7.json,8d51a0bbefe26a6fc714352f4c12dee8a90d528dccf0c474ee85791a55fb63b7,2.2,accepted,1.0,1.0,1.0,19,4,initial,,deepseek-v4-pro,data/formal_outputs/2_2_version_228/reports/long/1/papers.jsonl
long,1,1_8,data/formal_corpus/long/1/1_8.pdf,13ba4d9f8557d30a36503e31cb4759295777b2f97da139ee3497668b597bb9df,data/formal_outputs/2_2_version_228/long/1/1_8.json,ddb6b65652bba4dde5854798c7a1aea500f60c10a0569f74c620da13f92fec92,2.2,accepted,1.0,1.0,1.0,21,4,initial,,deepseek-v4-pro,data/formal_outputs/2_2_version_228/reports/long/1/papers.jsonl
long,1,1_9,data/formal_corpus/long/1/1_9.pdf,73f9d2e2a7abfe9c7107318d0cb17d12c91d26b04162688202cad0ac7101a824,data/formal_outputs/2_2_version_228/long/1/1_9.json,461253b4d847bb9c9e3a27beff5a7c3f8b7eda4b8850ef991c02d774cbedf6c0,2.2,accepted,0.7629,0.74,0.7872,12,8,recovery,3,deepseek-v4-pro,data/formal_outputs/2_2_version_228/reports/recovery/long/1/1_9/attempt_3/papers.jsonl
long,1,1_10,data/formal_corpus/long/1/1_10.pdf,2f45808af35d249e1cfdcd1f404d9d2c09a018a24c8fb9c66cac71e960282397,data/formal_outputs/2_2_version_228/long/1/1_10.json,0b13a13ca8d6737732af345f150bc3548b3b551c57a244cf6f4bc894022a3d16,2.2,accepted,0.8817,0.9318,0.8367,15,4,initial,,deepseek-v4-pro,data/formal_outputs/2_2_version_228/reports/long/1/papers.jsonl
long,1,1_11,data/formal_corpus/long/1/1_11.pdf,a99a71bb4c554439ff6ed7e56529e91f57d5d8195509034b8ee08ec077da3937,data/formal_outputs/2_2_version_228/long/1/1_11.json,60b535fce5542636027f8c7d14dbb35bd0b12b0b7448ba7fc5ee57cc7cf73379,2.2,accepted,1.0,1.0,1.0,9,4,initial,,deepseek-v4-pro,data/formal_outputs/2_2_version_228/reports/long/1/papers.jsonl
long,1,1_12,data/formal_corpus/long/1/1_12.pdf,93b9a09b1d7d2c9e09efdac22ec45da4602c21fea61535a9dc894545678f051e,data/formal_outputs/2_2_version_228/long/1/1_12.json,96712754f948507295f50d055a8458fdeeefe0e6fd0b97cd3dbe60c7a187d521,2.2,accepted,1.0,1.0,1.0,18,4,initial,,deepseek-v4-pro,data/formal_outputs/2_2_version_228/reports/long/1/papers.jsonl
long,1,1_13,data/formal_corpus/long/1/1_13.pdf,a11702487b8d5089277687b4b431638fbb6dd22c0e483f0218b049d3364c0a22,data/formal_outputs/2_2_version_228/long/1/1_13.json,fc0c7e12e7b5b14429765a4ec20a6c0865450f3dc3dc7f45ccd3caa284cb35e5,2.2,accepted,1.0,1.0,1.0,28,4,initial,,deepseek-v4-pro,data/formal_outputs/2_2_version_228/reports/long/1/papers.jsonl
long,1,1_14,data/formal_corpus/long/1/1_14.pdf,a05bd9426e116584999a131ba9e9889d393beb9b732291237c64771542bcf80c,data/formal_outputs/2_2_version_228/long/1/1_14.json,017167c2a094b612fe90979f938d2d3eca32f7feac18412469da2c5a3104588d,2.2,accepted,1.0,1.0,1.0,20,4,initial,,deepseek-v4-pro,data/formal_outputs/2_2_version_228/reports/long/1/papers.jsonl
long,1,1_15,data/formal_corpus/long/1/1_15.pdf,82153f8a6ae4c42f7641c9ddd015b6b357ef1c1966566f61788f85197390261e,data/formal_outputs/2_2_version_228/long/1/1_15.json,b3f340074b9574bb9e3cceb092299b6e32826e33d8781ce14dacca316d778d57,2.2,accepted,1.0,1.0,1.0,15,4,initial,,deepseek-v4-pro,data/formal_outputs/2_2_version_228/reports/long/1/papers.jsonl
long,1,1_16,data/formal_corpus/long/1/1_16.pdf,b1aec6dd0b8868efefad08013a726ac5992450b3439e35cde1052ee6286df57d,data/formal_outputs/2_2_version_228/long/1/1_16.json,bd42b13d5808b71aa5aaa21c578e550b2dfd7330acae3e0ac0e27de4bfb8ca97,2.2,accepted,0.7941,0.8438,0.75,20,4,initial,,deepseek-v4-pro,data/formal_outputs/2_2_version_228/reports/long/1/papers.jsonl
long,1,1_17,data/formal_corpus/long/1/1_17.pdf,f992a22fdb2602f157288ba1079ea50199a37db879dbb8bb49d18c544632ed5d,data/formal_outputs/2_2_version_228/long/1/1_17.json,832fea65c3f515200ffeb5f81553eb5fb36a344acfa09a0cc94cec8ab728b388,2.2,accepted,1.0,1.0,1.0,16,4,initial,,deepseek-v4-pro,data/formal_outputs/2_2_version_228/reports/long/1/papers.jsonl
long,1,1_18,data/formal_corpus/long/1/1_18.pdf,eaeaeef08d3b63b2edaf48afb9a451978617c8bed88a5da9498b2989172039ca,data/formal_outputs/2_2_version_228/long/1/1_18.json,061db4c06a042ee475fcc887829457bb3157bc7dfe827a87ccc1f371b8f85d7e,2.2,accepted,1.0,1.0,1.0,23,4,initial,,deepseek-v4-pro,data/formal_outputs/2_2_version_228/reports/long/1/papers.jsonl
long,1,1_19,data/formal_corpus/long/1/1_19.pdf,ca4942e913ba0c26bc2da82e466edbb2c81988b819adaa9cd70f3052339244d1,data/formal_outputs/2_2_version_228/long/1/1_19.json,b9ba714021f1804fe2819cdfcf1d459914813cfbd00d8039cd99175e5b8347bd,2.2,accepted,1.0,1.0,1.0,27,4,initial,,deepseek-v4-pro,data/formal_outputs/2_2_version_228/reports/long/1/papers.jsonl
long,2,2_1,data/formal_corpus/long/2/2_1.pdf,7ee48193f168c6093cbc90961550f21d618ad2bdd8f93753bfb5e07c02ab79f2,data/formal_outputs/2_2_version_228/long/2/2_1.json,1c97429c63b73951d8d64d9111885f306dfeed57fa24680c173d7502df02f6ea,2.2,accepted,1.0,1.0,1.0,15,4,initial,,deepseek-v4-pro,data/formal_outputs/2_2_version_228/reports/long/2/papers.jsonl
long,2,2_2,data/formal_corpus/long/2/2_2.pdf,7902153953e75f121276e05643d3e4f5217c71c26063f57dcf2870f0429768d3,data/formal_outputs/2_2_version_228/long/2/2_2.json,02ee74d638e055c2ae60620066476d6527e72f0b22b765bc0960ee031a9b5efb,2.2,accepted,1.0,1.0,1.0,15,4,initial,,deepseek-v4-pro,data/formal_outputs/2_2_version_228/reports/long/2/papers.jsonl
long,2,2_3,data/formal_corpus/long/2/2_3.pdf,ba4a63492b0674a95009f1eab769b4134c0f9b7230c63072eaded7779fad7686,data/formal_outputs/2_2_version_228/long/2/2_3.json,f88f093da230bd450f4354b0ed441fe5235358d96cb0d6966b49ebaf624ec5b4,2.2,accepted,1.0,1.0,1.0,6,6,recovery,1,deepseek-v4-pro,data/formal_outputs/2_2_version_228/reports/recovery/long/2/2_3/attempt_1/papers.jsonl
long,2,2_4,data/formal_corpus/long/2/2_4.pdf,274f8c7de9f2ccfd48cd620beebf46926775704ad873b57bcc40b3f8921fbb5c,data/formal_outputs/2_2_version_228/long/2/2_4.json,c31e862091b76e568ab310bd40787479388f5ec16bae3dcbb39b1334aace39d1,2.2,accepted,1.0,1.0,1.0,14,4,initial,,deepseek-v4-pro,data/formal_outputs/2_2_version_228/reports/long/2/papers.jsonl
long,2,2_5,data/formal_corpus/long/2/2_5.pdf,5bd4bf520f8d7935f98748851f63121a18e0c32b6b518e2cb70782920371e256,data/formal_outputs/2_2_version_228/long/2/2_5.json,27aa7c203a1ea68fa704ea7f6ecd8b320caca12eac21b509571a109ad73be1ab,2.2,accepted,1.0,1.0,1.0,23,4,initial,,deepseek-v4-pro,data/formal_outputs/2_2_version_228/reports/long/2/papers.jsonl
long,2,2_6,data/formal_corpus/long/2/2_6.pdf,e275b4024cea92491481056378be94e3fd31e2cf3b963a6812f94b397e18daf4,data/formal_outputs/2_2_version_228/long/2/2_6.json,1965cfa113d21a2c07acac0127401186f07250790d8bce11082ce3020893863c,2.2,accepted,1.0,1.0,1.0,12,4,initial,,deepseek-v4-pro,data/formal_outputs/2_2_version_228/reports/long/2/papers.jsonl
long,2,2_7,data/formal_corpus/long/2/2_7.pdf,0cf33e1e9d32efd2a88526c3edba7708b0c49111637ef94f55a731aacc5935be,data/formal_outputs/2_2_version_228/long/2/2_7.json,a6380efcd009852c15b6acb2c60ef8064541475cdb88138591919aaa70f8934c,2.2,accepted,1.0,1.0,1.0,14,4,initial,,deepseek-v4-pro,data/formal_outputs/2_2_version_228/reports/long/2/papers.jsonl
long,2,2_8,data/formal_corpus/long/2/2_8.pdf,aeb01d3d9ddd70a85b123f786e34289701f91e6a4b7b7bd7bb34ccd2b2027ece,data/formal_outputs/2_2_version_228/long/2/2_8.json,d7727a1a1cb33a6680c33a1306e8097add03bc50b0d12bbc954bd2f37747d625,2.2,accepted,0.8602,0.8889,0.8333,31,8,recovery,1,deepseek-v4-pro,data/formal_outputs/2_2_version_228/reports/recovery/long/2/2_8/attempt_1/papers.jsonl
long,2,2_9,data/formal_corpus/long/2/2_9.pdf,24963a841c9a24fffb1441e507f49ba88873a208cedaf03d5503ab4888b61c54,data/formal_outputs/2_2_version_228/long/2/2_9.json,5f50843282a13e4e1d2dd6fde1301e954aa47bee5a315cc3020afd2f4ac24c35,2.2,accepted,1.0,1.0,1.0,17,4,initial,,deepseek-v4-pro,data/formal_outputs/2_2_version_228/reports/long/2/papers.jsonl
long,2,2_10,data/formal_corpus/long/2/2_10.pdf,ed7609433e86461e7f7930b48fec70f34a71600fbb4dee661b9cc8826114cfd4,data/formal_outputs/2_2_version_228/long/2/2_10.json,b6ba817f3b85b340b4e859e89c63d09851450b5036308cb54d81f62784a973ab,2.2,accepted,1.0,1.0,1.0,33,4,initial,,deepseek-v4-pro,data/formal_outputs/2_2_version_228/reports/long/2/papers.jsonl
long,2,2_11,data/formal_corpus/long/2/2_11.pdf,a66650e01cbe06b3a0be8ca5fd09c992410c696259892933c5aa0aa3e84fca7d,data/formal_outputs/2_2_version_228/long/2/2_11.json,82b80b88f3db4c5572933bdb58b0996ce3ef6bc1211b62e08b57a84cdc64cd89,2.2,accepted,0.7875,0.7,0.9,24,8,recovery,1,deepseek-v4-pro,data/formal_outputs/2_2_version_228/reports/recovery/long/2/2_11/attempt_1/papers.jsonl
long,2,2_12,data/formal_corpus/long/2/2_12.pdf,987f9a6bf847e37eac5bf98fa45ac07fd5666846a38c195d6b54d81ca1cf15d3,data/formal_outputs/2_2_version_228/long/2/2_12.json,9ffb3c773ba86ec2b044117645dd1f3572b32406efe8080e604083f682eeac01,2.2,accepted,1.0,1.0,1.0,23,4,initial,,deepseek-v4-pro,data/formal_outputs/2_2_version_228/reports/long/2/papers.jsonl
long,2,2_13,data/formal_corpus/long/2/2_13.pdf,21fa1aefb7a0c82f3b171d24214fe03559a83102f393b3e76595dc749243f3e1,data/formal_outputs/2_2_version_228/long/2/2_13.json,842b025a014cf55b957a1d31c794e490e046f5d17d0f96cd877b0d34b3855617,2.2,accepted,1.0,1.0,1.0,16,4,initial,,deepseek-v4-pro,data/formal_outputs/2_2_version_228/reports/long/2/papers.jsonl
long,2,2_14,data/formal_corpus/long/2/2_14.pdf,81cea24d5d75b6b183ea83e15c5c5100af409a06f3366ea63b85ef9d63a44787,data/formal_outputs/2_2_version_228/long/2/2_14.json,99c68692956ebf8042ccf2e8312463ae7ebc67624c80a05450d628e319e134b4,2.2,accepted,1.0,1.0,1.0,20,4,initial,,deepseek-v4-pro,data/formal_outputs/2_2_version_228/reports/long/2/papers.jsonl
long,2,2_15,data/formal_corpus/long/2/2_15.pdf,16782fe29444e20d6eaba800069db8a9cd71f4cd7f841aec81529b8384d50eb4,data/formal_outputs/2_2_version_228/long/2/2_15.json,9660771825db16503dcad4be65dcd28ef12832759b257371dd82376a28ed2f16,2.2,accepted,1.0,1.0,1.0,16,4,initial,,deepseek-v4-pro,data/formal_outputs/2_2_version_228/reports/long/2/papers.jsonl
long,2,2_16,data/formal_corpus/long/2/2_16.pdf,67e3db29623f18d5bb694e311266a27495c4e8b90438c84d572d33d0ec05954a,data/formal_outputs/2_2_version_228/long/2/2_16.json,6af24cf2f63998225ea3587920a176a061c9b0dfea5fa8305dd65b3f9a0266ec,2.2,accepted,1.0,1.0,1.0,24,4,initial,,deepseek-v4-pro,data/formal_outputs/2_2_version_228/reports/long/2/papers.jsonl
long,2,2_17,data/formal_corpus/long/2/2_17.pdf,5c484aa8607f8370837f95b71c4dc2cb8144f7251a007b2aac56f7b76b23eaf6,data/formal_outputs/2_2_version_228/long/2/2_17.json,e6e888a3eabae03e97994e5c986bdb1d0ff7f79bb191071d129ac7b598b7c0c4,2.2,accepted,1.0,1.0,1.0,48,4,initial,,deepseek-v4-pro,data/formal_outputs/2_2_version_228/reports/long/2/papers.jsonl
long,2,2_18,data/formal_corpus/long/2/2_18.pdf,f76c32d56dc01dceb1e576284eeae540fcbb1da0472eb7296ff95519e130a204,data/formal_outputs/2_2_version_228/long/2/2_18.json,18ee7df77af2962fc405d9d96adfb9f92c561037db981ecaf71f29d86463828a,2.2,accepted,1.0,1.0,1.0,33,4,initial,,deepseek-v4-pro,data/formal_outputs/2_2_version_228/reports/long/2/papers.jsonl
long,2,2_19,data/formal_corpus/long/2/2_19.pdf,838fe0c26bfbe58e56f1b5199eadfff8874342570d97e1d6cac63396a79186d5,data/formal_outputs/2_2_version_228/long/2/2_19.json,d1759c2d368f163dfc828c7b2f09d1d3b6e4f8f9249f31b2ef96754a43ba049f,2.2,accepted,1.0,1.0,1.0,15,8,recovery,1,deepseek-v4-pro,data/formal_outputs/2_2_version_228/reports/recovery/long/2/2_19/attempt_1/papers.jsonl
long,2,2_20,data/formal_corpus/long/2/2_20.pdf,a9751929c9c6b52fb3f2a85676871c7e9c81c676cdd12e08a78a14332e4f09d0,data/formal_outputs/2_2_version_228/long/2/2_20.json,edaf7fdac8486497f667299b503000700696da5f016bb4c2c74c7b28fcc2a85b,2.2,accepted,1.0,1.0,1.0,18,4,initial,,deepseek-v4-pro,data/formal_outputs/2_2_version_228/reports/long/2/papers.jsonl
long,3,3_1,data/formal_corpus/long/3/3_1.pdf,1ea250895f1c34cf87596deafd09412431b7e189399d3d861cdafa5aa6374bea,data/formal_outputs/2_2_version_228/long/3/3_1.json,624ac9d136d4102ba0342feb552688c51f7117805a710b78e3fbb140c7e50910,2.2,accepted,1.0,1.0,1.0,19,4,initial,,deepseek-v4-pro,data/formal_outputs/2_2_version_228/reports/long/3/papers.jsonl
long,3,3_2,data/formal_corpus/long/3/3_2.pdf,d8d50df0b25ccfeb06a5d7317da5c5881f97e94e510c8ec9e5222baf9074ad4a,data/formal_outputs/2_2_version_228/long/3/3_2.json,1444c6f4fe9f56251fc12f99cb6aa0cea315768e79336dfe933706931a51a78a,2.2,accepted,1.0,1.0,1.0,20,4,initial,,deepseek-v4-pro,data/formal_outputs/2_2_version_228/reports/long/3/papers.jsonl
long,3,3_3,data/formal_corpus/long/3/3_3.pdf,42813ecb1ef5a3b81d71c796933767590df7b3753174614a9ec00695f7049fbb,data/formal_outputs/2_2_version_228/long/3/3_3.json,e157fd1d07bed25e10be96373e79e3f46e6d5a82ee235cec6fb3d095ad42f704,2.2,accepted,1.0,1.0,1.0,7,4,initial,,deepseek-v4-pro,data/formal_outputs/2_2_version_228/reports/long/3/papers.jsonl
long,3,3_4,data/formal_corpus/long/3/3_4.pdf,222970eda2f06aa5f07d685a812a850d064cc5294ea28ded0e5dc5d4d065263c,data/formal_outputs/2_2_version_228/long/3/3_4.json,5b614f8858b83837deea39e48a17c92e1264bf8a193a1b599223c136cad07e16,2.2,accepted,1.0,1.0,1.0,13,4,initial,,deepseek-v4-pro,data/formal_outputs/2_2_version_228/reports/long/3/papers.jsonl
long,3,3_5,data/formal_corpus/long/3/3_5.pdf,d61d16c07fa7bbb9043694d535ff2cea709d629199974a06e734282ce3c5147d,data/formal_outputs/2_2_version_228/long/3/3_5.json,5405f14e226dd3b161da0dc9a130eccd0dfbc51ec12b161f54a441e48b31f107,2.2,accepted,1.0,1.0,1.0,16,4,initial,,deepseek-v4-pro,data/formal_outputs/2_2_version_228/reports/long/3/papers.jsonl
long,3,3_6,data/formal_corpus/long/3/3_6.pdf,135b9b64c4ba20e84d39b0c1e90bd130c24baf39700631dda62207ec8b54e631,data/formal_outputs/2_2_version_228/long/3/3_6.json,5e60914f18f14f16234ee3ce0d19b414a75ed62cefb6ce0eb02ac0d45b086c2c,2.2,accepted,0.9423,0.98,0.9074,12,4,initial,,deepseek-v4-pro,data/formal_outputs/2_2_version_228/reports/long/3/papers.jsonl
long,3,3_7,data/formal_corpus/long/3/3_7.pdf,645a3a428b08cdb3f8d5bb99481937ad610371f30759b0b524a36cb0b2dbf99b,data/formal_outputs/2_2_version_228/long/3/3_7.json,f63d3e552f9dfe0e4f2d24760358f82ae8f2e58e2ff479b73a9ff9ce0aedf58c,2.2,accepted,1.0,1.0,1.0,10,4,initial,,deepseek-v4-pro,data/formal_outputs/2_2_version_228/reports/long/3/papers.jsonl
long,3,3_8,data/formal_corpus/long/3/3_8.pdf,429a35117c85ed4a84ea88b3b1b83da8d5a778e23ff882aa5a00d2208a5d452e,data/formal_outputs/2_2_version_228/long/3/3_8.json,b768979dbd2cb2bae202b00d2026313f04f88c9ee81539c384afb0d5b8d88e9e,2.2,accepted,1.0,1.0,1.0,19,4,initial,,deepseek-v4-pro,data/formal_outputs/2_2_version_228/reports/long/3/papers.jsonl
long,3,3_9,data/formal_corpus/long/3/3_9.pdf,33fe4a4c3282f9c5a4b8c24d3afb0ab1a62104788d5f268097c888f4d20fad6f,data/formal_outputs/2_2_version_228/long/3/3_9.json,ba908de859570f1e2f67b3cd7f9a443f9ad7daf8f8a28e890ad98aeea3c3c547,2.2,accepted,1.0,1.0,1.0,17,4,initial,,deepseek-v4-pro,data/formal_outputs/2_2_version_228/reports/long/3/papers.jsonl
long,3,3_10,data/formal_corpus/long/3/3_10.pdf,d5bd25ebbf5be1ca57232f4b15d2a71d425df5bf7e1588fd7cb677981d193114,data/formal_outputs/2_2_version_228/long/3/3_10.json,9df35aab0b3ef291fa55af1761b71abdf6d8519c2f0124dc15f2fbe367811707,2.2,accepted,1.0,1.0,1.0,17,4,initial,,deepseek-v4-pro,data/formal_outputs/2_2_version_228/reports/long/3/papers.jsonl
long,3,3_11,data/formal_corpus/long/3/3_11.pdf,eb80e9ffa39313f8aebb578e2132bfbe85fa86ce10ea437e6ca8a6220d8588b3,data/formal_outputs/2_2_version_228/long/3/3_11.json,3964a4d337b0b77e8a46c292dfb8377e35c7d0cc66f5475efb12ea2ab6c55874,2.2,accepted,1.0,1.0,1.0,10,4,initial,,deepseek-v4-pro,data/formal_outputs/2_2_version_228/reports/long/3/papers.jsonl
long,3,3_12,data/formal_corpus/long/3/3_12.pdf,9c319b42814dc0d5c90d01393840b2097b14508f2c729281cb7945fabcfecd7f,data/formal_outputs/2_2_version_228/long/3/3_12.json,71e7e673570d6d0dc566d2a4db9eb623b5f58447a983ef9e874748c5bebb1c65,2.2,accepted,1.0,1.0,1.0,37,4,initial,,deepseek-v4-pro,data/formal_outputs/2_2_version_228/reports/long/3/papers.jsonl
long,3,3_13,data/formal_corpus/long/3/3_13.pdf,9994ad96e974072ff200b9f9b44d0a98b4eadc98fc227b4d0e93542a6fe15967,data/formal_outputs/2_2_version_228/long/3/3_13.json,837a35002c8cb27e599fbefffdd4d1e25299277a2f75bda6c939d5ecf069c278,2.2,accepted,1.0,1.0,1.0,14,4,initial,,deepseek-v4-pro,data/formal_outputs/2_2_version_228/reports/long/3/papers.jsonl
long,3,3_14,data/formal_corpus/long/3/3_14.pdf,0a37d9be71fea23c26023041e826741cab8399e2e6ea5300ecdacc24530f04ec,data/formal_outputs/2_2_version_228/long/3/3_14.json,365ac020cc36e38de82ac7c6e28ed106f822e5fff271845b27b699cae26c1833,2.2,accepted,1.0,1.0,1.0,6,4,initial,,deepseek-v4-pro,data/formal_outputs/2_2_version_228/reports/long/3/papers.jsonl
long,3,3_15,data/formal_corpus/long/3/3_15.pdf,e85f894f073555b6950a70afb397c3738f372c9413403dfc9f90e47a18ad11ac,data/formal_outputs/2_2_version_228/long/3/3_15.json,91d15cdcef322a56385ee872dd12d68f476bcd041e6a5350c3301595566a39de,2.2,accepted,1.0,1.0,1.0,15,8,recovery,1,deepseek-v4-pro,data/formal_outputs/2_2_version_228/reports/recovery/long/3/3_15/attempt_1/papers.jsonl
long,3,3_16,data/formal_corpus/long/3/3_16.pdf,75f3c0c8e565d3925a09803bf849776271192a4cfc4cea594f80459b33f4e245,data/formal_outputs/2_2_version_228/long/3/3_16.json,2ca71055f7f0ba4ac942acf73746aa2ffadd6dfa1da1e32dd4e7450b2099e613,2.2,accepted,1.0,1.0,1.0,8,4,initial,,deepseek-v4-pro,data/formal_outputs/2_2_version_228/reports/long/3/papers.jsonl
long,3,3_17,data/formal_corpus/long/3/3_17.pdf,67382534488984207dff9edf604e59f4bbd9683adb33d6d3bdfe74ee7fd10b3d,data/formal_outputs/2_2_version_228/long/3/3_17.json,525d69e59bb65339323d7dc289c72daec2b1741b992fdeeaaa2f85c8274a3fee,2.2,accepted,0.9167,0.9565,0.88,15,4,initial,,deepseek-v4-pro,data/formal_outputs/2_2_version_228/reports/long/3/papers.jsonl
long,3,3_18,data/formal_corpus/long/3/3_18.pdf,6558de564a425f10f4a93ccc100bbdb781cb5e0ad8069b3f71aede029a1080e1,data/formal_outputs/2_2_version_228/long/3/3_18.json,d27d2f065f2db0438e0db3bb7e034f93ad8d7794c4f2083d99639b27845f7ece,2.2,accepted,1.0,1.0,1.0,16,4,initial,,deepseek-v4-pro,data/formal_outputs/2_2_version_228/reports/long/3/papers.jsonl
long,3,3_19,data/formal_corpus/long/3/3_19.pdf,3e84a7241eb512a7ebb019e0764906a97d82dfab87cb43ba2e06a241e362b7b3,data/formal_outputs/2_2_version_228/long/3/3_19.json,0f079a39566d5cc848b685649efe771a4ec505abc880a511e2c0eaee068ada19,2.2,accepted,1.0,1.0,1.0,29,4,initial,,deepseek-v4-pro,data/formal_outputs/2_2_version_228/reports/long/3/papers.jsonl
long,3,3_20,data/formal_corpus/long/3/3_20.pdf,df3f203bc30c053f99739eb1e5a8038194d44973f204358013acf14eb42407d6,data/formal_outputs/2_2_version_228/long/3/3_20.json,0db9bca8ff58270167fee56d62057902afbcd219f1134426bfd88a512b57470c,2.2,accepted,1.0,1.0,1.0,14,8,recovery,1,deepseek-v4-pro,data/formal_outputs/2_2_version_228/reports/recovery/long/3/3_20/attempt_1/papers.jsonl
long,4,4_1,data/formal_corpus/long/4/4_1.pdf,ed0341503dad2bcc7fdc99bc1bb195d732a3957883d91cdb946e51347607fa9a,data/formal_outputs/2_2_version_228/long/4/4_1.json,12fa96bb10cec1f277b0b015db33cb84dc1180cff8bd8bd154dcc78315e2e782,2.2,accepted,1.0,1.0,1.0,68,4,initial,,deepseek-v4-pro,data/formal_outputs/2_2_version_228/reports/long/4/papers.jsonl
long,4,4_2,data/formal_corpus/long/4/4_2.pdf,708cefedfbc26742547dd9652a5cc503cd6ed522f08b0743f97d9f5b0b0145d3,data/formal_outputs/2_2_version_228/long/4/4_2.json,8ba0c8a214f55000e7b40e10da6f0b5e559bca0fd6db90a182062797f6dc17aa,2.2,accepted,1.0,1.0,1.0,4,4,initial,,deepseek-v4-pro,data/formal_outputs/2_2_version_228/reports/long/4/papers.jsonl
long,4,4_3,data/formal_corpus/long/4/4_3.pdf,0f6bf1991a615150953ba2825bed36a0c3e5fb365db41d0650743fc029c65f7a,data/formal_outputs/2_2_version_228/long/4/4_3.json,450638d05eb6a0ca8907da00bc59b59dc51ad317842e55f5d60942672dbc0e32,2.2,accepted,1.0,1.0,1.0,9,4,initial,,deepseek-v4-pro,data/formal_outputs/2_2_version_228/reports/long/4/papers.jsonl
long,4,4_4,data/formal_corpus/long/4/4_4.pdf,289bb21b873a2c684e95b7777647dc6cfb09d48e2e731bc84bdd0543d246916c,data/formal_outputs/2_2_version_228/long/4/4_4.json,b77f09ac57bd919556126767efc3c91bcde9ca8ee4eb65e34a95a5b500f1809a,2.2,accepted,1.0,1.0,1.0,21,4,initial,,deepseek-v4-pro,data/formal_outputs/2_2_version_228/reports/long/4/papers.jsonl
long,4,4_5,data/formal_corpus/long/4/4_5.pdf,ad7ceef14ada7382a81879a047aa30f992c5e1be08dee25607c0220212d0fef1,data/formal_outputs/2_2_version_228/long/4/4_5.json,7312387d86f66e3c2d4b136355814e66ca5b0ef3f7f377a92cd0515f07bee08b,2.2,accepted,1.0,1.0,1.0,10,4,initial,,deepseek-v4-pro,data/formal_outputs/2_2_version_228/reports/long/4/papers.jsonl
long,4,4_6,data/formal_corpus/long/4/4_6.pdf,32e5ad2a36bddbee01b9de79612fc89e5d7cd3b732913eb503f65a8b78acfa20,data/formal_outputs/2_2_version_228/long/4/4_6.json,dd750289a82ec397862a009284e026745360c32309bfc7416d007223e91ff291,2.2,accepted,1.0,1.0,1.0,12,4,initial,,deepseek-v4-pro,data/formal_outputs/2_2_version_228/reports/long/4/papers.jsonl
long,4,4_7,data/formal_corpus/long/4/4_7.pdf,d571eb9a31be7fd3cbe847df2d0e976114baaf5f83ed4cd9a8cde89fe5574caf,data/formal_outputs/2_2_version_228/long/4/4_7.json,5daae59cdcf588876a753abe2d34ac5ee85f3e3b4dbcc8a85117d556c92a84b9,2.2,accepted,1.0,1.0,1.0,21,4,initial,,deepseek-v4-pro,data/formal_outputs/2_2_version_228/reports/long/4/papers.jsonl
long,4,4_8,data/formal_corpus/long/4/4_8.pdf,2faefb20ab47ec84cfffb2af7507e6aac04692f21f6046ba4a5e15df12abb171,data/formal_outputs/2_2_version_228/long/4/4_8.json,b5bb1c5691542e93d40e563d2a2365f38182d741120b01462c8d26a39802035f,2.2,accepted,1.0,1.0,1.0,72,4,initial,,deepseek-v4-pro,data/formal_outputs/2_2_version_228/reports/long/4/papers.jsonl
long,4,4_9,data/formal_corpus/long/4/4_9.pdf,a181a9306fdf083687c96316470b038a864f9b681e9497080168b4944ec77c96,data/formal_outputs/2_2_version_228/long/4/4_9.json,76b0d3c2930e067573d12a55b9b9d848cce943a990d96d0eb568698aeeb82a47,2.2,accepted,1.0,1.0,1.0,24,4,initial,,deepseek-v4-pro,data/formal_outputs/2_2_version_228/reports/long/4/papers.jsonl
long,4,4_10,data/formal_corpus/long/4/4_10.pdf,263ab3eef257e4032011eff140a15daeb5c12c3e6eea7343474827f28ba9382e,data/formal_outputs/2_2_version_228/long/4/4_10.json,d9aa7b7b158ddd462a1447de6fb153de1203b662455760ef70b85775fdc7658b,2.2,accepted,1.0,1.0,1.0,50,4,initial,,deepseek-v4-pro,data/formal_outputs/2_2_version_228/reports/long/4/papers.jsonl
long,4,4_11,data/formal_corpus/long/4/4_11.pdf,c5c9c23cd549a8c25cc4b906727a7df3cd4789d0d3e6d90d5c1552d3a218534c,data/formal_outputs/2_2_version_228/long/4/4_11.json,153f5bd556274df64074282e99651530ed1cbc501e9a1fe9434b2ca8f6ceed9f,2.2,accepted,1.0,1.0,1.0,5,4,initial,,deepseek-v4-pro,data/formal_outputs/2_2_version_228/reports/long/4/papers.jsonl
long,4,4_12,data/formal_corpus/long/4/4_12.pdf,f73f04294e86d83d90affb52e530fa8ad4ad8c08d6883e371aeeef4d6b427cee,data/formal_outputs/2_2_version_228/long/4/4_12.json,938fcc806c5e3ef312707bcd86a432329b11ecd899dd05d619dd5decc77f1ddc,2.2,accepted,1.0,1.0,1.0,8,4,initial,,deepseek-v4-pro,data/formal_outputs/2_2_version_228/reports/long/4/papers.jsonl
long,4,4_13,data/formal_corpus/long/4/4_13.pdf,050ea0e65647394f5d75fdf021f001194f04372aece98206a1cd80f17d533a00,data/formal_outputs/2_2_version_228/long/4/4_13.json,75a0b196f4af88ce7603ef884cfb1ba574a0a60bcc19a731a5f903a0d041c378,2.2,accepted,1.0,1.0,1.0,6,4,initial,,deepseek-v4-pro,data/formal_outputs/2_2_version_228/reports/long/4/papers.jsonl
long,4,4_14,data/formal_corpus/long/4/4_14.pdf,4ad3e552c1a534af02e4aecca2ea8f37a38df55046be262866d92685bd550c14,data/formal_outputs/2_2_version_228/long/4/4_14.json,2ef5afb2b09674975799eb88019661d99eadbdb3b840f5057f896b61423752d2,2.2,accepted,1.0,1.0,1.0,34,4,initial,,deepseek-v4-pro,data/formal_outputs/2_2_version_228/reports/long/4/papers.jsonl
long,4,4_15,data/formal_corpus/long/4/4_15.pdf,9fd5730a49b47dae4776bc55b85e3e249f5f9daeb3033b6591c477f29bd7af4d,data/formal_outputs/2_2_version_228/long/4/4_15.json,aa6c4d88378fcaf9dbf0bcc2254bab65eda75705ec69eb39765dd7a72b12325a,2.2,accepted,0.8451,0.9677,0.75,26,4,initial,,deepseek-v4-pro,data/formal_outputs/2_2_version_228/reports/long/4/papers.jsonl
long,4,4_16,data/formal_corpus/long/4/4_16.pdf,7ba071c3c49363828e1a7a76caf2e6b701b76972d4a93001ed0d1a8d5eeae380,data/formal_outputs/2_2_version_228/long/4/4_16.json,bd8b66dd01d0a97414104be68a5a670f157f3ab4297a5471f00e7f6f6bb6b8b0,2.2,accepted,1.0,1.0,1.0,23,4,initial,,deepseek-v4-pro,data/formal_outputs/2_2_version_228/reports/long/4/papers.jsonl
long,4,4_17,data/formal_corpus/long/4/4_17.pdf,21d1ba6bf806bed29e1ed5add84d94f062f00362b13e92e8fa5839200bcc86ae,data/formal_outputs/2_2_version_228/long/4/4_17.json,459557b47148783b3c1f2abeeb12c499140279aa72795c5017fdce57f3fc5d3d,2.2,accepted,0.9174,0.9259,0.9091,21,4,initial,,deepseek-v4-pro,data/formal_outputs/2_2_version_228/reports/long/4/papers.jsonl
long,4,4_18,data/formal_corpus/long/4/4_18.pdf,080cb51e749db8328bd0fe8cac2ab70f0e4db2d13dc54e5f3e24a2c7be984ec7,data/formal_outputs/2_2_version_228/long/4/4_18.json,31ecb16c34902b64ac55e09992004f3bd2f6a7a93506d5702084f5142bb6c8b5,2.2,accepted,1.0,1.0,1.0,35,4,initial,,deepseek-v4-pro,data/formal_outputs/2_2_version_228/reports/long/4/papers.jsonl
long,4,4_19,data/formal_corpus/long/4/4_19.pdf,d4478f9c1cbe36b6d5e99a4110e38523079dd6dd9247f8ebae2d19e12973bbe8,data/formal_outputs/2_2_version_228/long/4/4_19.json,a79685a7b1f318f8dbcef654515c35dfbb88793ca5bb89099909e1a2a0cd4f5d,2.2,accepted,1.0,1.0,1.0,38,4,initial,,deepseek-v4-pro,data/formal_outputs/2_2_version_228/reports/long/4/papers.jsonl
long,4,4_20,data/formal_corpus/long/4/4_20.pdf,42b92ef45e5b566efd4385c9ae64392d619b0b9b3d4094461ee013f5b5362a1c,data/formal_outputs/2_2_version_228/long/4/4_20.json,3d14be24adf6ed233ce2eaa955c06b709cc16d5326de8de82842bb576ac41347,2.2,accepted,0.8496,0.96,0.7619,19,4,initial,,deepseek-v4-pro,data/formal_outputs/2_2_version_228/reports/long/4/papers.jsonl
long,4,4_21,data/formal_corpus/long/4/4_21.pdf,5c201a86e049b63d83a96a86e349c1b387b61dc59851c875687be2f784ee662f,data/formal_outputs/2_2_version_228/long/4/4_21.json,6b220f7071c05db72adc33d43ea8535fe196424714c7ec49543d813240b27389,2.2,accepted,1.0,1.0,1.0,27,4,initial,,deepseek-v4-pro,data/formal_outputs/2_2_version_228/reports/long/4/papers.jsonl
long,4,4_22,data/formal_corpus/long/4/4_22.pdf,14e6e6159985804ac7864dc5113b50edbf3a56667ad6f66c0282c4d1d162b35b,data/formal_outputs/2_2_version_228/long/4/4_22.json,0aa18191fb23dd79d9859c38ae2960965a5b2e3c902e3f2b4278fee2284ca09c,2.2,accepted,1.0,1.0,1.0,31,4,initial,,deepseek-v4-pro,data/formal_outputs/2_2_version_228/reports/long/4/papers.jsonl
long,4,4_23,data/formal_corpus/long/4/4_23.pdf,5745f8c2c043c9067ac7eed5035b9644904b34c11af9a8bcc557d2a008ba8785,data/formal_outputs/2_2_version_228/long/4/4_23.json,9b5332d2f2cff95e455a838073b55cc9c2095b694df35c3fb124137f4e4c44df,2.2,accepted,1.0,1.0,1.0,17,4,initial,,deepseek-v4-pro,data/formal_outputs/2_2_version_228/reports/long/4/papers.jsonl
long,4,4_24,data/formal_corpus/long/4/4_24.pdf,292cb93eb19aed0b3710195c3dc120473f1a89a39c358f862d708be421ba5b62,data/formal_outputs/2_2_version_228/long/4/4_24.json,fcf3003ab221a605918628893271d4968687de0f7d74d3c2f89146932aaed183,2.2,accepted,1.0,1.0,1.0,16,8,recovery,2,deepseek-v4-pro,data/formal_outputs/2_2_version_228/reports/recovery/long/4/4_24/attempt_2/papers.jsonl
long,4,4_25,data/formal_corpus/long/4/4_25.pdf,0a52170571e5f93c7f5bd1641241cf1acfe95feb1f6f83b7605e26c15c2f6f1c,data/formal_outputs/2_2_version_228/long/4/4_25.json,3edd5b91fc31906f995f04fde421962429e573abc000d8a5d459b2d43b885ffb,2.2,accepted,1.0,1.0,1.0,9,4,initial,,deepseek-v4-pro,data/formal_outputs/2_2_version_228/reports/long/4/papers.jsonl
long,4,4_26,data/formal_corpus/long/4/4_26.pdf,ee3d0d0b674f6f7979a1ca724047ce110ad713be3c4f2eca9b52456a7e50e485,data/formal_outputs/2_2_version_228/long/4/4_26.json,e2e5113e705c0c961cc8b314087595217177cbbe3bd437e108b29369a8030f3d,2.2,accepted,1.0,1.0,1.0,21,4,initial,,deepseek-v4-pro,data/formal_outputs/2_2_version_228/reports/long/4/papers.jsonl
long,4,4_27,data/formal_corpus/long/4/4_27.pdf,7133e3e18438440a0510c0799499bcd0e7974b12bf8a4963fd6bada2202431e0,data/formal_outputs/2_2_version_228/long/4/4_27.json,f283098d4923954ef24234c3eb78ec61e34db2986086a771748c9b25490d7645,2.2,accepted,0.9423,0.98,0.9074,13,4,initial,,deepseek-v4-pro,data/formal_outputs/2_2_version_228/reports/long/4/papers.jsonl
long,4,4_28,data/formal_corpus/long/4/4_28.pdf,6440c094fab63d86b25d1604b74181cc51859f5130c9e2fda96058a32e17c0e5,data/formal_outputs/2_2_version_228/long/4/4_28.json,765b19a478ea9e3a99df4504ef27ac2a51d8eeee0843c67c239ca03a5f9084ad,2.2,accepted,0.7458,0.9778,0.6027,39,4,initial,,deepseek-v4-pro,data/formal_outputs/2_2_version_228/reports/long/4/papers.jsonl
long,4,4_29,data/formal_corpus/long/4/4_29.pdf,d88297ee9893a504904e1c8d2fef026774696dd57b7a8af6f8cceaf2881101fc,data/formal_outputs/2_2_version_228/long/4/4_29.json,39d77c98a7a8ee0d19cf2466b2940442d24aa2f4e6a69d573fcc1b0b9bfe0852,2.2,accepted,1.0,1.0,1.0,8,4,initial,,deepseek-v4-pro,data/formal_outputs/2_2_version_228/reports/long/4/papers.jsonl
long,4,4_30,data/formal_corpus/long/4/4_30.pdf,9454774f9cb544b1224063e50fd9ec6a1be88a00d1b0af14d3215b4dcd01fa4a,data/formal_outputs/2_2_version_228/long/4/4_30.json,80abc959bb3733a0f083b01709639a3ad379fe0bd338a9a958fe0aaa1e4f6815,2.2,accepted,1.0,1.0,1.0,22,4,initial,,deepseek-v4-pro,data/formal_outputs/2_2_version_228/reports/long/4/papers.jsonl
long,5,5_1,data/formal_corpus/long/5/5_1.pdf,bb7421ccd7527ec8078de890110aef88d21f642d18b7cf10f28f8277a1065ac1,data/formal_outputs/2_2_version_228/long/5/5_1.json,8f4960543b933e23d31d89366feffa97c4a5c07382011256dab900c93def3b4e,2.2,accepted,1.0,1.0,1.0,545,4,initial,,deepseek-v4-pro,data/formal_outputs/2_2_version_228/reports/long/5/papers.jsonl
long,5,5_2,data/formal_corpus/long/5/5_2.pdf,3bdcfbfdfd4a483623e538c0108e1244ff5e4b00177264d092aa38c839fdce90,data/formal_outputs/2_2_version_228/long/5/5_2.json,2b6b196307079220f1072da3bc6564e13f9b9fbeb55924f29b9fe7f4ac4e4c87,2.2,accepted,0.6531,0.9412,0.5,48,4,initial,,deepseek-v4-pro,data/formal_outputs/2_2_version_228/reports/long/5/papers.jsonl
long,5,5_3,data/formal_corpus/long/5/5_3.pdf,fb9cba23101627a7a02d74aa277c883b03f940ee525388df2c402bfdaac2326b,data/formal_outputs/2_2_version_228/long/5/5_3.json,59d0eee8d0cf5b79e0486d9216d5a0eae38e3cbee018ba56c1adce9d0eb2852f,2.2,accepted,1.0,1.0,1.0,12,4,initial,,deepseek-v4-pro,data/formal_outputs/2_2_version_228/reports/long/5/papers.jsonl
long,5,5_4,data/formal_corpus/long/5/5_4.pdf,fd72e5a6dca01d7fe97708c287d3ff819a8890f62852fbf0e839428343e0e522,data/formal_outputs/2_2_version_228/long/5/5_4.json,e77ed4dc629ccc0afcd4b89909da4a08ee8f9fc6c5e9feb91272f363d9b553f2,2.2,accepted,0.9333,0.9844,0.8873,54,4,initial,,deepseek-v4-pro,data/formal_outputs/2_2_version_228/reports/long/5/papers.jsonl
long,5,5_5,data/formal_corpus/long/5/5_5.pdf,5c3b35b36b2fdcd2b3327070c4be8fcd205cc3cddf92bcafb376050a8eeb8455,data/formal_outputs/2_2_version_228/long/5/5_5.json,ca7127608bb691c64736212f7948e05f1893ad6e144ab4696b94ac9a1b71ede4,2.2,accepted,1.0,1.0,1.0,25,4,initial,,deepseek-v4-pro,data/formal_outputs/2_2_version_228/reports/long/5/papers.jsonl
long,5,5_6,data/formal_corpus/long/5/5_6.pdf,3e38d621bfca23f43ae7456c94dc374ab89436608fa7a4136789f604cbd65977,data/formal_outputs/2_2_version_228/long/5/5_6.json,ba56f5b258659981410e56dffc585ae93a082b16c052dbfac1b108abd49f44e5,2.2,accepted,1.0,1.0,1.0,8,4,initial,,deepseek-v4-pro,data/formal_outputs/2_2_version_228/reports/long/5/papers.jsonl
long,5,5_7,data/formal_corpus/long/5/5_7.pdf,da42249cb1af03d0c095d730b8313a640ce9d55beef75e327b6e0eed7ba0bf12,data/formal_outputs/2_2_version_228/long/5/5_7.json,a1e48ff6a29168187dd6b29e32451752dbf7a4907773e6d9374fe10707823387,2.2,accepted,1.0,1.0,1.0,28,4,initial,,deepseek-v4-pro,data/formal_outputs/2_2_version_228/reports/long/5/papers.jsonl
long,5,5_8,data/formal_corpus/long/5/5_8.pdf,9828c6240f77be929500787baa47f632bb4f6258e2f15db665a4456b02438006,data/formal_outputs/2_2_version_228/long/5/5_8.json,cfd5202f8f7008ec7a34e6e419d46e4ea7f5a9b8bf99fecb5fbb88a8ded954e5,2.2,accepted,0.6909,0.8636,0.5758,24,4,initial,,deepseek-v4-pro,data/formal_outputs/2_2_version_228/reports/long/5/papers.jsonl
long,5,5_9,data/formal_corpus/long/5/5_9.pdf,f500496b888614e68893543f57a2574cc824a1e46af554972ab7b832cecd1bf4,data/formal_outputs/2_2_version_228/long/5/5_9.json,107b70c7ca9bdb11be90293a3a9d3736aaaef4ca3acffb60efb343ee92d18fc2,2.2,accepted,0.8,0.9412,0.6957,8,4,initial,,deepseek-v4-pro,data/formal_outputs/2_2_version_228/reports/long/5/papers.jsonl
long,5,5_10,data/formal_corpus/long/5/5_10.pdf,333f16ef62b40d5b848a55f1939be4381a33ebea29f912e545b8ba5bfa55c4b7,data/formal_outputs/2_2_version_228/long/5/5_10.json,c133796f5eaa2dc7ea42cf4b272de0980342d9ebe512a8fcab7206c94c7a6f30,2.2,accepted,0.8308,0.931,0.75,45,4,initial,,deepseek-v4-pro,data/formal_outputs/2_2_version_228/reports/long/5/papers.jsonl
long,5,5_11,data/formal_corpus/long/5/5_11.pdf,10d9089c2ca0cc1fdb7fc307cbd984c07ecee19befa61a1bc2a49b496715476f,data/formal_outputs/2_2_version_228/long/5/5_11.json,06530baf6c38f9521732edad2bec802bfe43d7ebd4df5fc33ebc8129470f528a,2.2,accepted,1.0,1.0,1.0,9,4,initial,,deepseek-v4-pro,data/formal_outputs/2_2_version_228/reports/long/5/papers.jsonl
long,5,5_12,data/formal_corpus/long/5/5_12.pdf,949ff94de231e78244c8ec7e079093936042129561ebb643d3fc94913caad207,data/formal_outputs/2_2_version_228/long/5/5_12.json,0a8452b078f804859e2ff01352c5a3575eeda648181e2f9fca0adf5dca5ba360,2.2,accepted,1.0,1.0,1.0,53,4,initial,,deepseek-v4-pro,data/formal_outputs/2_2_version_228/reports/long/5/papers.jsonl
long,5,5_13,data/formal_corpus/long/5/5_13.pdf,6d7d419ff8f2685726b6fddf7f4c31a6608a92d047da0166460ce18e30cf12b4,data/formal_outputs/2_2_version_228/long/5/5_13.json,b21d5b0730edf904fabee8aeadaca8fb5925e9f381be5196730ad7ab6b50110b,2.2,accepted,1.0,1.0,1.0,12,4,initial,,deepseek-v4-pro,data/formal_outputs/2_2_version_228/reports/long/5/papers.jsonl
long,5,5_14,data/formal_corpus/long/5/5_14.pdf,5afbd666d6cacde51b6f2e9f04f8ab8d668310b3ad086a078767867ae08e1530,data/formal_outputs/2_2_version_228/long/5/5_14.json,e7337a79c4785e16ef8334de2a5b6e0c1d771d3ebefd45a206013edb4f4e5b7c,2.2,accepted,1.0,1.0,1.0,11,4,initial,,deepseek-v4-pro,data/formal_outputs/2_2_version_228/reports/long/5/papers.jsonl
long,5,5_15,data/formal_corpus/long/5/5_15.pdf,9d19c372ad1342be7e30b6cfd5f1a1ea7a3ae273c2d1dc77b70877ef11b88d45,data/formal_outputs/2_2_version_228/long/5/5_15.json,996011f09261dcf01989aa4e1c44a4df31c1f25beb4945370cd2391324f224b7,2.2,accepted,1.0,1.0,1.0,10,4,initial,,deepseek-v4-pro,data/formal_outputs/2_2_version_228/reports/long/5/papers.jsonl
long,5,5_16,data/formal_corpus/long/5/5_16.pdf,96b8e85fb95a8226a9b31a2c8e2cbfd567e9c5d36df49a1255a6185b4fc5066c,data/formal_outputs/2_2_version_228/long/5/5_16.json,c525af6d00c250e4aaf8a26aa4238b7cc00aa66b79e66dc424362c46f35adffe,2.2,accepted,0.6176,0.525,0.75,5,4,initial,,deepseek-v4-pro,data/formal_outputs/2_2_version_228/reports/long/5/papers.jsonl
long,5,5_17,data/formal_corpus/long/5/5_17.pdf,0c798646a0cb6cfbb8d6b9f416a1e36172441c0ea60f588d4342a4632e821252,data/formal_outputs/2_2_version_228/long/5/5_17.json,25cb2aaa6cc6e20b1a64a9f66f2083b768996dbde251d7fc95629d6e8591e4f1,2.2,accepted,1.0,1.0,1.0,12,4,initial,,deepseek-v4-pro,data/formal_outputs/2_2_version_228/reports/long/5/papers.jsonl
long,5,5_18,data/formal_corpus/long/5/5_18.pdf,b840ade570d3ef791219f9efcecd3c9e179682899088995fbce909676ffaeb5c,data/formal_outputs/2_2_version_228/long/5/5_18.json,3383eba63ef40945e9c3e966f9833f095582440220cdd9a3cb4f502e9004b076,2.2,accepted,1.0,1.0,1.0,14,4,initial,,deepseek-v4-pro,data/formal_outputs/2_2_version_228/reports/long/5/papers.jsonl
long,5,5_19,data/formal_corpus/long/5/5_19.pdf,6dc384002a4bd7c643ed19778d580c9f7dbaac85d7bbd5a040b3f2b7942d1290,data/formal_outputs/2_2_version_228/long/5/5_19.json,ef9d0cae740a80e8df4c4177473beea7d64a756c9efc45cd82babf0b8617c46e,2.2,accepted,1.0,1.0,1.0,13,4,initial,,deepseek-v4-pro,data/formal_outputs/2_2_version_228/reports/long/5/papers.jsonl
long,5,5_20,data/formal_corpus/long/5/5_20.pdf,325ce7f6de36387ce967ca359c4a29fcffbae44940e460cc5a9540fdd60619ee,data/formal_outputs/2_2_version_228/long/5/5_20.json,c3e5d2fd3f7961c3075a1edc3e2df58bf855b44803d7eb29052c30a988cd6cbd,2.2,accepted,0.7917,0.9744,0.6667,51,4,initial,,deepseek-v4-pro,data/formal_outputs/2_2_version_228/reports/long/5/papers.jsonl
long,5,5_21,data/formal_corpus/long/5/5_21.pdf,e47b0958f58862eb385a80b3988ab5a781ecf769bf084922bd0bbb47d3c5a85b,data/formal_outputs/2_2_version_228/long/5/5_21.json,674fd3e42ebae2968d9fd2033f345956b6e5753bf3114449d51cea194bd0e705,2.2,accepted,1.0,1.0,1.0,56,4,initial,,deepseek-v4-pro,data/formal_outputs/2_2_version_228/reports/long/5/papers.jsonl
long,5,5_22,data/formal_corpus/long/5/5_22.pdf,39889911afd09a0e6ac4803ba4c4c828a7ee26a6d8ce315e18e2af0a8fbbc618,data/formal_outputs/2_2_version_228/long/5/5_22.json,d8793713b55f460c3a1147060cd53562ee7c44a0828a2997b9cc014e1b63afb2,2.2,accepted,0.8261,0.8261,0.8261,26,4,initial,,deepseek-v4-pro,data/formal_outputs/2_2_version_228/reports/long/5/papers.jsonl
long,5,5_23,data/formal_corpus/long/5/5_23.pdf,fe7650eb2c427c98f5939c3f32c7eb906adf14f8f4a8d585a8af053e7d087193,data/formal_outputs/2_2_version_228/long/5/5_23.json,1a6ca18ee185ac5491ff5735a46d37a2338e60330ae50ec3cd4a390a5c1dd12f,2.2,accepted,1.0,1.0,1.0,20,4,initial,,deepseek-v4-pro,data/formal_outputs/2_2_version_228/reports/long/5/papers.jsonl
long,5,5_24,data/formal_corpus/long/5/5_24.pdf,eb24db8c8f5a55d0ff5f12f2c2c0929b84f2bb97cd0aba65ad4808d379fdcacf,data/formal_outputs/2_2_version_228/long/5/5_24.json,17e267a8bfc5111da806e42f098e32797caa5cb38d85145fa77cb506f405d591,2.2,accepted,0.88,0.9429,0.825,31,8,recovery,1,deepseek-v4-pro,data/formal_outputs/2_2_version_228/reports/recovery/long/5/5_24/attempt_1/papers.jsonl
long,6,6_1,data/formal_corpus/long/6/6_1.pdf,60d167f013b706681799c0c61c7aeead2e29fbb6549b64454abf0ad31a36de9f,data/formal_outputs/2_2_version_228/long/6/6_1.json,04b074b2e18021b703ecae7a846e5fc84a80d69724a631a7a8275ed427d74818,2.2,accepted,1.0,1.0,1.0,14,4,initial,,deepseek-v4-pro,data/formal_outputs/2_2_version_228/reports/long/6/papers.jsonl
long,6,6_2,data/formal_corpus/long/6/6_2.pdf,6d77db5836cefdea1a1830b802e60996a5c5c85866d5021c24d72c3f26bc1eb8,data/formal_outputs/2_2_version_228/long/6/6_2.json,76f4d45f143c7ce45813a3f232cc65ae551a1a8c3ee97ca1c3ba98c42efabbbd,2.2,accepted,1.0,1.0,1.0,11,4,initial,,deepseek-v4-pro,data/formal_outputs/2_2_version_228/reports/long/6/papers.jsonl
long,6,6_3,data/formal_corpus/long/6/6_3.pdf,38edb7988d7a193789be3f67a3f0ee517d2b10fc4c2126a9f7c05b904d2769af,data/formal_outputs/2_2_version_228/long/6/6_3.json,47bf6f9f7ae9fb1499407c3d5771a92cc9c428c2f81da96aa1f4fbd9f323e51a,2.2,accepted,1.0,1.0,1.0,12,4,initial,,deepseek-v4-pro,data/formal_outputs/2_2_version_228/reports/long/6/papers.jsonl
long,6,6_4,data/formal_corpus/long/6/6_4.pdf,58b2e602a76487173cc5cbe7701a57b851998988f060fbc2dc06c27177361c55,data/formal_outputs/2_2_version_228/long/6/6_4.json,f9d44a0281e47723f3a95d36ac89f781e50f2c11d762a2148cf926e60146b845,2.2,accepted,1.0,1.0,1.0,17,4,initial,,deepseek-v4-pro,data/formal_outputs/2_2_version_228/reports/long/6/papers.jsonl
long,6,6_5,data/formal_corpus/long/6/6_5.pdf,a5a38ff07296f51d8b8ba7aaea7fcf5ea0daffde400c9dc6848003bc94d62d4e,data/formal_outputs/2_2_version_228/long/6/6_5.json,73020ef59fee93ec56106cf029fa220a30c6ed068a755edc9da4c8b78414ff51,2.2,accepted,1.0,1.0,1.0,8,4,initial,,deepseek-v4-pro,data/formal_outputs/2_2_version_228/reports/long/6/papers.jsonl
long,6,6_6,data/formal_corpus/long/6/6_6.pdf,a2ddd6f36a1eb49d00956f078a110c19cf281a4fd59177e5791052cf5086d7be,data/formal_outputs/2_2_version_228/long/6/6_6.json,6a0b7bb44252733bc0649a2ebefaad744dda1235d3c4ba5659518f6d8a8563c4,2.2,accepted,0.9344,0.9828,0.8906,12,4,initial,,deepseek-v4-pro,data/formal_outputs/2_2_version_228/reports/long/6/papers.jsonl
long,6,6_7,data/formal_corpus/long/6/6_7.pdf,4931c982755617dbfebec28c5172131eb205603d5f022ac063ee047ef54e62f6,data/formal_outputs/2_2_version_228/long/6/6_7.json,6883537b3db7b8c3f31646d50c4bed90b571e0525bcf7d3a600207714e60ed3d,2.2,accepted,1.0,1.0,1.0,11,4,initial,,deepseek-v4-pro,data/formal_outputs/2_2_version_228/reports/long/6/papers.jsonl
long,6,6_8,data/formal_corpus/long/6/6_8.pdf,4aa02e943446fb980814ee1cf0446f099cb720f6b1b4a40b1b3c682d8620b771,data/formal_outputs/2_2_version_228/long/6/6_8.json,74751858d68dfcac9e0e709c7c4819e8e5955e91d6b6cace3ff34ce22cc7cf54,2.2,accepted,0.8586,0.8283,0.8913,10,8,recovery,1,deepseek-v4-pro,data/formal_outputs/2_2_version_228/reports/recovery/long/6/6_8/attempt_1/papers.jsonl
long,6,6_9,data/formal_corpus/long/6/6_9.pdf,b6fa332ad0682ffb557d5cacc26d90e99c6fd16bffcb10881652b81d479142ff,data/formal_outputs/2_2_version_228/long/6/6_9.json,b4c8734921f328a1985acb1647a91320728c83cd1be0201cfb329d7bd19ec67c,2.2,accepted,1.0,1.0,1.0,8,8,recovery,1,deepseek-v4-pro,data/formal_outputs/2_2_version_228/reports/recovery/long/6/6_9/attempt_1/papers.jsonl
long,6,6_10,data/formal_corpus/long/6/6_10.pdf,9c5bbc5c76c0eed9b1ebfdf1763a8a5553d5979a220c0bcbaa4285ccf2b7c336,data/formal_outputs/2_2_version_228/long/6/6_10.json,5a4c1b3b2dc0f52e0f5c648a605b26b1b36a11487a94e00e2600ef0bf820a19f,2.2,accepted,1.0,1.0,1.0,8,4,initial,,deepseek-v4-pro,data/formal_outputs/2_2_version_228/reports/long/6/papers.jsonl
long,6,6_11,data/formal_corpus/long/6/6_11.pdf,eee5af8a97e2bb545d4d66eb632bb1a51a7a0282bdf8c23be5df72f749df7a01,data/formal_outputs/2_2_version_228/long/6/6_11.json,c3f7a833362a9753e20cee1a1dcff549f99e9fc18a56100115150a89cbc467a7,2.2,accepted,1.0,1.0,1.0,17,8,recovery,2,deepseek-v4-pro,data/formal_outputs/2_2_version_228/reports/recovery/long/6/6_11/attempt_2/papers.jsonl
long,6,6_12,data/formal_corpus/long/6/6_12.pdf,a12ff7372130e31c0f5483a5a7ff22ad2a89291b6c3230ccf07d754f1338630a,data/formal_outputs/2_2_version_228/long/6/6_12.json,a9e88b04b42e36449d73536d308da1a46d9c2b1d989faf5f9f4a4e63de27321b,2.2,accepted,0.9585,0.9541,0.963,12,8,recovery,2,deepseek-v4-pro,data/formal_outputs/2_2_version_228/reports/recovery/long/6/6_12/attempt_2/papers.jsonl
long,6,6_13,data/formal_corpus/long/6/6_13.pdf,a9cdd2834ad1194f7a6d1806b22332fe21d83adde7e54dc652c8cc768f707ccf,data/formal_outputs/2_2_version_228/long/6/6_13.json,512cfbb01eb70000d5361226569697363eb5d9b1950f334b48230f055b2b2f86,2.2,accepted,1.0,1.0,1.0,13,4,initial,,deepseek-v4-pro,data/formal_outputs/2_2_version_228/reports/long/6/papers.jsonl
long,6,6_14,data/formal_corpus/long/6/6_14.pdf,1dd2b5329a2a61975188c402641634c5bdf106146a89f1991b9f97cf9c56371d,data/formal_outputs/2_2_version_228/long/6/6_14.json,a438f00bbbc8ae51dd96d23165d4ff377730f5b49fba8304ef3066a410eb4b42,2.2,accepted,0.8952,0.9592,0.8393,10,4,initial,,deepseek-v4-pro,data/formal_outputs/2_2_version_228/reports/long/6/papers.jsonl
long,6,6_15,data/formal_corpus/long/6/6_15.pdf,04a1e14982923f12fc93cd84c9e96e9ff1241eeff69d695e8089c6a185fce359,data/formal_outputs/2_2_version_228/long/6/6_15.json,cbd50a234e123f76a829ac78b5b0ef915ec7859844a2ca85356892d5191074be,2.2,accepted,1.0,1.0,1.0,25,4,initial,,deepseek-v4-pro,data/formal_outputs/2_2_version_228/reports/long/6/papers.jsonl
long,6,6_16,data/formal_corpus/long/6/6_16.pdf,a84bfafd2b9a54503ee76abd9d9a37db6c141650792a71a6cfbcc2d918c894ba,data/formal_outputs/2_2_version_228/long/6/6_16.json,bda818512c7ca08060f7d9eca296f8ec8f1515e91d984d827109e0ae0427618a,2.2,accepted,1.0,1.0,1.0,29,4,initial,,deepseek-v4-pro,data/formal_outputs/2_2_version_228/reports/long/6/papers.jsonl
long,6,6_17,data/formal_corpus/long/6/6_17.pdf,829b1215b72c4a5090b0f4fb9d44b07c32e203157f5a69bec881acef3d942b40,data/formal_outputs/2_2_version_228/long/6/6_17.json,5f56defc3073b5f97fdce08438b9b17ec9c4515e81c455c1d427787f33f5dadd,2.2,accepted,0.9448,0.9625,0.9277,17,4,initial,,deepseek-v4-pro,data/formal_outputs/2_2_version_228/reports/long/6/papers.jsonl
long,6,6_18,data/formal_corpus/long/6/6_18.pdf,22a159cf37e29084eae5eaab1d007c62c91aff4e4d25ffbeba2b3b2c75e6ce47,data/formal_outputs/2_2_version_228/long/6/6_18.json,90b1d9dbc8d7fdd0bf520e0a682e4595b2d65b138f5b9b5e329fb916336cc7b2,2.2,accepted,0.8415,0.75,0.9583,11,8,recovery,3,deepseek-v4-pro,data/formal_outputs/2_2_version_228/reports/recovery/long/6/6_18/attempt_3/papers.jsonl
long,6,6_19,data/formal_corpus/long/6/6_19.pdf,155f71f75f278c2f6f2627953168a8ed58336f3bea9dab077abaedffcf86d138,data/formal_outputs/2_2_version_228/long/6/6_19.json,66c38e451d410111a7a87c4b0739bad94ed78a0b7217547f96b0a2b66927620d,2.2,accepted,0.6813,0.6739,0.6889,16,8,recovery,1,deepseek-v4-pro,data/formal_outputs/2_2_version_228/reports/recovery/long/6/6_19/attempt_1/papers.jsonl
long,6,6_20,data/formal_corpus/long/6/6_20.pdf,db2aab9aaed0d4d3b266498bcce57de603b5908837bb7791efcd51612e86dc4c,data/formal_outputs/2_2_version_228/long/6/6_20.json,d63d30952ac951d833a1ceacf615d65637aebf961d5bc75730d19271e9934ef8,2.2,accepted,0.8814,0.9455,0.8254,10,8,recovery,1,deepseek-v4-pro,data/formal_outputs/2_2_version_228/reports/recovery/long/6/6_20/attempt_1/papers.jsonl
long,6,6_21,data/formal_corpus/long/6/6_21.pdf,394cb32a33e4e84e554649fc6728d918d836e02ad5dd7f218627ef235c432311,data/formal_outputs/2_2_version_228/long/6/6_21.json,23239b43bb9559c2b887f4e8ff9897257e4221f751ae62028a03a04b8dead2f3,2.2,accepted,0.8936,0.84,0.9545,14,4,initial,,deepseek-v4-pro,data/formal_outputs/2_2_version_228/reports/long/6/papers.jsonl
long,6,6_22,data/formal_corpus/long/6/6_22.pdf,aac6510666a6f44acb9908db2209e5d1598d62e02c06ce7c5ca5bc7eb3dd7f2a,data/formal_outputs/2_2_version_228/long/6/6_22.json,18b31846fbbb4914eea7291d7c818cec7c3fa9b4da33dd3d339e900822e71620,2.2,accepted,0.6984,0.7586,0.6471,16,4,initial,,deepseek-v4-pro,data/formal_outputs/2_2_version_228/reports/long/6/papers.jsonl
long,6,6_23,data/formal_corpus/long/6/6_23.pdf,dfc8e61d6f08e336b01be3282e14fdddc32574f37348b49c81dfc4ff6b9b400c,data/formal_outputs/2_2_version_228/long/6/6_23.json,4cac26e16484cddb64f09cecda0b96c04cf700fb5d11c6ccfbcc0a35222d479b,2.2,accepted,1.0,1.0,1.0,30,4,initial,,deepseek-v4-pro,data/formal_outputs/2_2_version_228/reports/long/6/papers.jsonl
long,6,6_24,data/formal_corpus/long/6/6_24.pdf,9da9b08c94691c92d2f406f19413a1b2037b3cf05edf2d3eea1c2577bc32f9ea,data/formal_outputs/2_2_version_228/long/6/6_24.json,b75186fd5cffcdfe3ff4afe2b73c97480cc2fe4fe8e071202898c5e10e38d48c,2.2,accepted,1.0,1.0,1.0,21,4,initial,,deepseek-v4-pro,data/formal_outputs/2_2_version_228/reports/long/6/papers.jsonl
long,6,6_25,data/formal_corpus/long/6/6_25.pdf,865f59b7de09fbb89eff7fa6d7013dc977d0a2cdcec18e3b71583bac31af5dd8,data/formal_outputs/2_2_version_228/long/6/6_25.json,0e6b3e2fa15300e69e6178216ad8f3a2284cbe5796e24199e911cd48ecf9a2f3,2.2,accepted,0.9744,0.9828,0.9661,11,4,initial,,deepseek-v4-pro,data/formal_outputs/2_2_version_228/reports/long/6/papers.jsonl
long,6,6_26,data/formal_corpus/long/6/6_26.pdf,637cccb29f7f3f614a57262ce3d78cb749bf4cb18b15103e42887dffbae30fe0,data/formal_outputs/2_2_version_228/long/6/6_26.json,339d910280ba2ab826d133e526a9331bf9af2e99ce94c19cda39b299f07d20f6,2.2,accepted,1.0,1.0,1.0,10,4,initial,,deepseek-v4-pro,data/formal_outputs/2_2_version_228/reports/long/6/papers.jsonl
long,6,6_27,data/formal_corpus/long/6/6_27.pdf,33cdb47a1d8b3eb175f61136ba0ab4fe3a3f235797526b7d028e02926618782c,data/formal_outputs/2_2_version_228/long/6/6_27.json,2fe0c599d2a742f3c391923c97809dfce706d4b1f537c57c7dc36c82e050f0d7,2.2,accepted,0.9244,0.9821,0.873,32,4,initial,,deepseek-v4-pro,data/formal_outputs/2_2_version_228/reports/long/6/papers.jsonl
long,7,7_1,data/formal_corpus/long/7/7_1.pdf,2a8db6776a110a4f36bd1e36af79cf31a2e74baa5af8f7ee3d9286a75fdc400d,data/formal_outputs/2_2_version_228/long/7/7_1.json,4a7c0b93a282013054158b83541fd1049341c521e301d01805710180bc20a5e5,2.2,accepted,1.0,1.0,1.0,22,4,initial,,deepseek-v4-pro,data/formal_outputs/2_2_version_228/reports/long/7/papers.jsonl
long,7,7_2,data/formal_corpus/long/7/7_2.pdf,90aa3d4b6dbe46be1131dc2ecca150689498a76835f23b59440d48fc0db88094,data/formal_outputs/2_2_version_228/long/7/7_2.json,c72eea7624d0cf0fe552ee034935f6fe58691643ecd70e0b4088d321d498f5dd,2.2,accepted,1.0,1.0,1.0,26,4,initial,,deepseek-v4-pro,data/formal_outputs/2_2_version_228/reports/long/7/papers.jsonl
long,7,7_3,data/formal_corpus/long/7/7_3.pdf,f41546e595d480dd7530122a49e2527e18b3714718787df4570d74b123ebfaf8,data/formal_outputs/2_2_version_228/long/7/7_3.json,39e369b37006d9dfef1f5a30185f2d41ac73de97272cd69fdd955e6500044b89,2.2,accepted,1.0,1.0,1.0,27,4,initial,,deepseek-v4-pro,data/formal_outputs/2_2_version_228/reports/long/7/papers.jsonl
long,7,7_4,data/formal_corpus/long/7/7_4.pdf,9a8d02824ee5ffbd5a1a4fbeaafeeea6356fd59f7de094ec9af4e43008ea6787,data/formal_outputs/2_2_version_228/long/7/7_4.json,25415b8a933218183d838940a7cc3dcb659f33deedbfebd4e187d12015cfff21,2.2,accepted,1.0,1.0,1.0,13,4,initial,,deepseek-v4-pro,data/formal_outputs/2_2_version_228/reports/long/7/papers.jsonl
long,7,7_5,data/formal_corpus/long/7/7_5.pdf,789cb3ce10a008172feaee272515900e605b217cc7fe67ce87524da7030d2ea7,data/formal_outputs/2_2_version_228/long/7/7_5.json,df2d07161601eb271f8c057fdc6926c9d48bf6340e87b78dc2aa4a3a85a28e79,2.2,accepted,1.0,1.0,1.0,24,4,initial,,deepseek-v4-pro,data/formal_outputs/2_2_version_228/reports/long/7/papers.jsonl
long,7,7_6,data/formal_corpus/long/7/7_6.pdf,4b0bea3d69cbcb044b4e6b754de87ad3dc6efe7e5f2606cb090bca0e00bbad4a,data/formal_outputs/2_2_version_228/long/7/7_6.json,d2e3966a1256870fa77b752a079af353b52ad44b3868678d5cb346f8e4cf3c6f,2.2,accepted,1.0,1.0,1.0,22,4,initial,,deepseek-v4-pro,data/formal_outputs/2_2_version_228/reports/long/7/papers.jsonl
long,7,7_7,data/formal_corpus/long/7/7_7.pdf,1aab1ef2236f2ba0888829aec87e786b4737289cb76b4dc138b26581a8381a14,data/formal_outputs/2_2_version_228/long/7/7_7.json,0f5b856eea559e51615d72406d91f9e7a7f348fd115cb843d2ae6943261741ab,2.2,accepted,1.0,1.0,1.0,15,4,initial,,deepseek-v4-pro,data/formal_outputs/2_2_version_228/reports/long/7/papers.jsonl
long,7,7_8,data/formal_corpus/long/7/7_8.pdf,08c00941ca39ada17430f571aca2db8ee39f5a68d0b6e70c7e9f219099cbce80,data/formal_outputs/2_2_version_228/long/7/7_8.json,45291b0e02f367f59213d54bbfc6e3e9f21a359871015853e3681a4b9e93c136,2.2,accepted,1.0,1.0,1.0,16,4,initial,,deepseek-v4-pro,data/formal_outputs/2_2_version_228/reports/long/7/papers.jsonl
long,7,7_9,data/formal_corpus/long/7/7_9.pdf,49cfb7b76ab9b422da6d0c61d6ba8538b9b4dab1cc4b07a8e78dc767f1081165,data/formal_outputs/2_2_version_228/long/7/7_9.json,9675080cc1d90a7d5e11021ba22275bf291e6cb96fbdac33e66f2aace7df0b35,2.2,accepted,1.0,1.0,1.0,97,4,initial,,deepseek-v4-pro,data/formal_outputs/2_2_version_228/reports/long/7/papers.jsonl
long,7,7_10,data/formal_corpus/long/7/7_10.pdf,21421f286b3e24e6e6c085ac369898260f4e8d9069000436553a44d0dde880aa,data/formal_outputs/2_2_version_228/long/7/7_10.json,1d19e5a81ac35cdfff1c38b6fa04720f150c7f1e05288a0921214bda018ec3fe,2.2,accepted,1.0,1.0,1.0,18,4,initial,,deepseek-v4-pro,data/formal_outputs/2_2_version_228/reports/long/7/papers.jsonl
long,7,7_11,data/formal_corpus/long/7/7_11.pdf,da51a67f4fbd9705ed52f5d14d687e97c2cf51fc4cda9d7e57d25abb45d089b4,data/formal_outputs/2_2_version_228/long/7/7_11.json,84b4eeb75b5c9c9ecf949a4f825e98de35316b3d9f88d154b6208c6b9e634f75,2.2,accepted,0.6265,0.5,0.8387,17,4,initial,,deepseek-v4-pro,data/formal_outputs/2_2_version_228/reports/long/7/papers.jsonl
long,7,7_12,data/formal_corpus/long/7/7_12.pdf,bc7fbaddfc6f87d5afeb8af7fe757d2224b30ff0d7e9e8f5be38495f46b9985d,data/formal_outputs/2_2_version_228/long/7/7_12.json,e5bbc75349b4984275eb4012ed6fe231e1cef2b10b79e1a33cfd6d81b30a177c,2.2,accepted,1.0,1.0,1.0,27,4,initial,,deepseek-v4-pro,data/formal_outputs/2_2_version_228/reports/long/7/papers.jsonl
long,7,7_13,data/formal_corpus/long/7/7_13.pdf,7c3ab418cbab0a449556b28b68e2abc5f43ec4e31cfe1309e336031760bc1b43,data/formal_outputs/2_2_version_228/long/7/7_13.json,a2855e3cb5f8cb756bb74ca22654d458cc2c97ba94807e5c203d9d9b97a6c9e1,2.2,accepted,1.0,1.0,1.0,33,4,initial,,deepseek-v4-pro,data/formal_outputs/2_2_version_228/reports/long/7/papers.jsonl
long,7,7_14,data/formal_corpus/long/7/7_14.pdf,75fb643f7860d0b2e870e9c8045b304298a9a0e81598ecdb8d552cc84751b20b,data/formal_outputs/2_2_version_228/long/7/7_14.json,b2ab6f2a56494403c94e69988155aa6b439465893aa910ad9dae0af611e62edd,2.2,accepted,0.6667,0.9355,0.5179,20,4,initial,,deepseek-v4-pro,data/formal_outputs/2_2_version_228/reports/long/7/papers.jsonl
long,7,7_15,data/formal_corpus/long/7/7_15.pdf,5a5850acf16225001b5c20a075b6cfd4cf5188f0d4b85c228cf50ebba3e3568b,data/formal_outputs/2_2_version_228/long/7/7_15.json,71532beea8e9b8348483682c4c0db54719536a9a0d0b6d52438b707727d05917,2.2,accepted,0.7119,0.7241,0.7,24,8,recovery,1,deepseek-v4-pro,data/formal_outputs/2_2_version_228/reports/recovery/long/7/7_15/attempt_1/papers.jsonl
long,7,7_16,data/formal_corpus/long/7/7_16.pdf,fb5dba8ee8112dbdd06fc6cace67853f67f8575719495946527e9c4656033c82,data/formal_outputs/2_2_version_228/long/7/7_16.json,119612ddcf9992ac2b17b603400a649a71f161bbbcb3561500fe48966d664d2c,2.2,accepted,1.0,1.0,1.0,30,4,initial,,deepseek-v4-pro,data/formal_outputs/2_2_version_228/reports/long/7/papers.jsonl
long,7,7_17,data/formal_corpus/long/7/7_17.pdf,3fbc6ea67c73e968c3e76e0c32d235cb954dcfcce987675bc9ab8ecd6f8fe57f,data/formal_outputs/2_2_version_228/long/7/7_17.json,a681f6f7aba4048f0491fb8769a371f5263e2760eedfc2c5f5bdd082f94f93a0,2.2,accepted,0.8535,0.859,0.8481,17,8,recovery,2,deepseek-v4-pro,data/formal_outputs/2_2_version_228/reports/recovery/long/7/7_17/attempt_2/papers.jsonl
long,7,7_18,data/formal_corpus/long/7/7_18.pdf,4fdb599e2626de2f0a7b612b576a31705900e616502e26e29ff818defa5fa9f0,data/formal_outputs/2_2_version_228/long/7/7_18.json,d2a1570b6c0fb505a61767920aa4bdd8c7b985dcd8825ebda4e4c4577cb9ed1b,2.2,accepted,1.0,1.0,1.0,24,4,initial,,deepseek-v4-pro,data/formal_outputs/2_2_version_228/reports/long/7/papers.jsonl
long,7,7_19,data/formal_corpus/long/7/7_19.pdf,9930707dfc39827dfdd63d708a2552f05d17c1dba3645431d320f37c78c40860,data/formal_outputs/2_2_version_228/long/7/7_19.json,f065349684a4f2667df74acf0983da1e2ae456dde3761067dfddd521c7e4b80d,2.2,accepted,1.0,1.0,1.0,15,4,initial,,deepseek-v4-pro,data/formal_outputs/2_2_version_228/reports/long/7/papers.jsonl
long,7,7_20,data/formal_corpus/long/7/7_20.pdf,42072aa88d757715bec8aa4a4cd8fa85afe1254fe34468b39b2639f4a3c64c69,data/formal_outputs/2_2_version_228/long/7/7_20.json,a9eb6a705a87d6be4598b12b93c458503695e0070613d615adc1bb98474d039a,2.2,accepted,1.0,1.0,1.0,34,4,initial,,deepseek-v4-pro,data/formal_outputs/2_2_version_228/reports/long/7/papers.jsonl
long,7,7_21,data/formal_corpus/long/7/7_21.pdf,272f2357b2c4e77603d1b0b711ef46d76f0bbd61fb099e610024df3e81e503f4,data/formal_outputs/2_2_version_228/long/7/7_21.json,c3429e957f0df0283e45a6a1cc31a00a7e19f128b4ed20590511e1eb463f20e6,2.2,accepted,0.8819,0.8485,0.918,17,8,recovery,1,deepseek-v4-pro,data/formal_outputs/2_2_version_228/reports/recovery/long/7/7_21/attempt_1/papers.jsonl
long,7,7_22,data/formal_corpus/long/7/7_22.pdf,61a363a17ccd2e85688839e721efeeed98567d810268b17b4a6320392da7856d,data/formal_outputs/2_2_version_228/long/7/7_22.json,86737a4a219641374cd3dcd5becd762cef338b1f951d9d2b2f5fc81967bf64fe,2.2,accepted,1.0,1.0,1.0,37,4,initial,,deepseek-v4-pro,data/formal_outputs/2_2_version_228/reports/long/7/papers.jsonl
long,7,7_23,data/formal_corpus/long/7/7_23.pdf,5ed021573aaf1f8fe272cfc769d9f5cc4eda90bf81dd0bace8a47880d9a00b30,data/formal_outputs/2_2_version_228/long/7/7_23.json,9135b3e69d96f0d9e278ee0a89521288920390ba23bd56b7e82911af89fbb0d3,2.2,accepted,1.0,1.0,1.0,26,8,recovery,1,deepseek-v4-pro,data/formal_outputs/2_2_version_228/reports/recovery/long/7/7_23/attempt_1/papers.jsonl
long,7,7_24,data/formal_corpus/long/7/7_24.pdf,d39234e06de75ca58b2e6f0f7069ae16305193c30173bb1c7a9b6aade5c7262a,data/formal_outputs/2_2_version_228/long/7/7_24.json,0bfe5750c72cb96411f9d83609f361ec996f74a85e78025f25d3e258e5b9482b,2.2,accepted,0.7885,0.7321,0.8542,23,4,initial,,deepseek-v4-pro,data/formal_outputs/2_2_version_228/reports/long/7/papers.jsonl
long,7,7_25,data/formal_corpus/long/7/7_25.pdf,042b680f1d9abb6897804ed9845343b5a027c41e48dc7220a2103817e49edd3a,data/formal_outputs/2_2_version_228/long/7/7_25.json,42534a47ff27b58a9850b64b0a0378846f36010a1053431ff4a48f987eec6ce0,2.2,accepted,1.0,1.0,1.0,43,8,recovery,3,deepseek-v4-pro,data/formal_outputs/2_2_version_228/reports/recovery/long/7/7_25/attempt_3/papers.jsonl
long,7,7_26,data/formal_corpus/long/7/7_26.pdf,cd683e169bf2fea468839c7e1cea493ea67e89acb1887056e55333aca60e75c5,data/formal_outputs/2_2_version_228/long/7/7_26.json,aa393b44834fb6dfb3950c8ff6d149e2c9132d9050d4a501fd140d3e7cea547f,2.2,accepted,1.0,1.0,1.0,23,8,recovery,1,deepseek-v4-pro,data/formal_outputs/2_2_version_228/reports/recovery/long/7/7_26/attempt_1/papers.jsonl
short,1,1_1,data/formal_corpus/short/1/1_1.pdf,88823d27437dee32ddcf1f89b24ffebca6fc295658f05c7597bb137b9aed95f3,data/formal_outputs/2_2_version_228/short/1/1_1.json,3e4055dd0aa3a26fec3359f9c83ecee1b0c5da5294289d75b32646a0e488d2cf,2.2,accepted,0.9326,0.989,0.8824,10,4,preflight_smoke,preflight_smoke,deepseek-v4-pro,data/formal_outputs/2_2_version_228/reports/recovery/short/1/1_1/preflight_smoke/papers.jsonl
short,1,1_2,data/formal_corpus/short/1/1_2.pdf,50c2a8a548bddbe3f0fcf5dbf15dd8ab4664cccc6e461ca79cc0259f916c2f2d,data/formal_outputs/2_2_version_228/short/1/1_2.json,23e6c79a3347bd98355267517e0c2581da6c403fda9e4f5ddaa7db53e3e71785,2.2,accepted,1.0,1.0,1.0,22,4,initial,,deepseek-v4-pro,data/formal_outputs/2_2_version_228/reports/short/1/papers.jsonl
short,1,1_3,data/formal_corpus/short/1/1_3.pdf,33645093a090965157f70e38d5fe8720896ef9bdbb85fccb1d2db6124feb5360,data/formal_outputs/2_2_version_228/short/1/1_3.json,2bae8871a1122ac93b8195791ab7eac940273b56f9a49929a348a569c1ac0117,2.2,accepted,0.8661,0.9821,0.7746,29,4,initial,,deepseek-v4-pro,data/formal_outputs/2_2_version_228/reports/short/1/papers.jsonl
short,1,1_4,data/formal_corpus/short/1/1_4.pdf,31162c68078cbc9c60877248aaa0fd3f50f266f87c2e9199629e105a9f84bc2c,data/formal_outputs/2_2_version_228/short/1/1_4.json,d83693d4124f3c4a8fce9ce2710cedce8eba89e066015373cb635fcea0434cf3,2.2,accepted,1.0,1.0,1.0,11,4,initial,,deepseek-v4-pro,data/formal_outputs/2_2_version_228/reports/short/1/papers.jsonl
short,1,1_5,data/formal_corpus/short/1/1_5.pdf,7c03df7b4ceaacc8e0ed87257786ebff4a2c022ca62f3202b2d70abf116b253b,data/formal_outputs/2_2_version_228/short/1/1_5.json,95f102b7ab1f922b64d8d62f7659272f9225d5da7244970e86b07125c3c562a4,2.2,accepted,1.0,1.0,1.0,17,4,initial,,deepseek-v4-pro,data/formal_outputs/2_2_version_228/reports/short/1/papers.jsonl
short,1,1_6,data/formal_corpus/short/1/1_6.pdf,3666f3a32ef8b9795417e204a910f9ca09c95e3342e11144f401e05072a6b673,data/formal_outputs/2_2_version_228/short/1/1_6.json,6f87a3282e651990d59fbc43c0826d5a21bcb24410f9cda86472647306b8574c,2.2,accepted,1.0,1.0,1.0,25,4,initial,,deepseek-v4-pro,data/formal_outputs/2_2_version_228/reports/short/1/papers.jsonl
short,2,2_1,data/formal_corpus/short/2/2_1.pdf,1ea250895f1c34cf87596deafd09412431b7e189399d3d861cdafa5aa6374bea,data/formal_outputs/2_2_version_228/short/2/2_1.json,879ad01f65b8173677e1abf91a88872378c3421393967cdeb11acfc20ab819f2,2.2,accepted,1.0,1.0,1.0,19,8,recovery,2,deepseek-v4-pro,data/formal_outputs/2_2_version_228/reports/recovery/short/2/2_1/attempt_2/papers.jsonl
short,2,2_2,data/formal_corpus/short/2/2_2.pdf,fb113e46ded0aac3146c68e408f8139e60208eef7907f274f21417828266b9f5,data/formal_outputs/2_2_version_228/short/2/2_2.json,5ee27c062cc320c889123fbe31dd5f9407c6838e4f295aefe659e054d140ea8e,2.2,accepted,1.0,1.0,1.0,8,4,initial,,deepseek-v4-pro,data/formal_outputs/2_2_version_228/reports/short/2/papers.jsonl
short,2,2_3,data/formal_corpus/short/2/2_3.pdf,550590e42f74a44d8138ab80a5c3b8c39c696a659fc0c3aba44223a5f6fb01f4,data/formal_outputs/2_2_version_228/short/2/2_3.json,b8a407d04619dd046719d5a9c1d78dda7adb7eb40d7cd229c9e8d04fc71a9520,2.2,accepted,0.8438,0.8438,0.8438,14,4,initial,,deepseek-v4-pro,data/formal_outputs/2_2_version_228/reports/short/2/papers.jsonl
short,2,2_4,data/formal_corpus/short/2/2_4.pdf,fd1e07117911e6143958b1b6cb4a521a3478de4d33c84cf8b3f3400dbc6c27ef,data/formal_outputs/2_2_version_228/short/2/2_4.json,e445bc164248df965531605ac229810afe47a4781961ea34d5c5c91fc92ddfd4,2.2,accepted,1.0,1.0,1.0,18,4,initial,,deepseek-v4-pro,data/formal_outputs/2_2_version_228/reports/short/2/papers.jsonl
short,2,2_5,data/formal_corpus/short/2/2_5.pdf,6e572a2093120fcda3c778b56e20ff48914d160a7a213ac4972e8fd2c140d16e,data/formal_outputs/2_2_version_228/short/2/2_5.json,ae37500b0e2f5a9145632a54535b2454c95cd16375145ca3a1d2cdf5b4932d58,2.2,accepted,1.0,1.0,1.0,14,4,initial,,deepseek-v4-pro,data/formal_outputs/2_2_version_228/reports/short/2/papers.jsonl
short,2,2_6,data/formal_corpus/short/2/2_6.pdf,aadc7b70fa6df83b016ab211dcc61ce5527642db84dec8be0c8fbcfe5fa5d216,data/formal_outputs/2_2_version_228/short/2/2_6.json,047520de85bac7057ee1abb12bb68eefeebcbb50bc4f0731ef8a935aca18dc52,2.2,accepted,0.9351,0.973,0.9,10,4,initial,,deepseek-v4-pro,data/formal_outputs/2_2_version_228/reports/short/2/papers.jsonl
short,3,3_1,data/formal_corpus/short/3/3_1.pdf,7ee48193f168c6093cbc90961550f21d618ad2bdd8f93753bfb5e07c02ab79f2,data/formal_outputs/2_2_version_228/short/3/3_1.json,14c8a349df21a950634697a8124d8bef787616ea6479a623db3ac8e304e64797,2.2,accepted,0.8,0.9143,0.7111,15,4,initial,,deepseek-v4-pro,data/formal_outputs/2_2_version_228/reports/short/3/papers.jsonl
short,3,3_2,data/formal_corpus/short/3/3_2.pdf,7902153953e75f121276e05643d3e4f5217c71c26063f57dcf2870f0429768d3,data/formal_outputs/2_2_version_228/short/3/3_2.json,22c40159e26d0be3b3544a11c84216a9ae5b2a10d4fe78808a025bd3022bfa21,2.2,accepted,1.0,1.0,1.0,15,4,initial,,deepseek-v4-pro,data/formal_outputs/2_2_version_228/reports/short/3/papers.jsonl
short,3,3_3,data/formal_corpus/short/3/3_3.pdf,274f8c7de9f2ccfd48cd620beebf46926775704ad873b57bcc40b3f8921fbb5c,data/formal_outputs/2_2_version_228/short/3/3_3.json,28c1262eff4fdd115f4e7f65da327a95ed5147aa197b036e20ba4c02a808444f,2.2,accepted,1.0,1.0,1.0,14,4,initial,,deepseek-v4-pro,data/formal_outputs/2_2_version_228/reports/short/3/papers.jsonl
short,3,3_4,data/formal_corpus/short/3/3_4.pdf,f5eb311530800cb9d620b9e95a1567e7234241fdda8dc811ad7195ce2639d736,data/formal_outputs/2_2_version_228/short/3/3_4.json,cab66a0474ae0b4426ac33f5a4096a192be541cba64f47daded44b32a70b8884,2.2,accepted,1.0,1.0,1.0,14,4,initial,,deepseek-v4-pro,data/formal_outputs/2_2_version_228/reports/short/3/papers.jsonl
short,3,3_5,data/formal_corpus/short/3/3_5.pdf,a17f75cbaad5c3818291cfb1696979e0b1b3f383b27f320fee3dda4cdcdbeca1,data/formal_outputs/2_2_version_228/short/3/3_5.json,34725ca888acea453c7d30b2de143c2b92ae79456bae045452ad524c78f5d8a7,2.2,accepted,1.0,1.0,1.0,23,4,initial,,deepseek-v4-pro,data/formal_outputs/2_2_version_228/reports/short/3/papers.jsonl
short,3,3_6,data/formal_corpus/short/3/3_6.pdf,c9b19202984d4540dc3207b04375fbb9065df04e187388e9e54200994c0a68de,data/formal_outputs/2_2_version_228/short/3/3_6.json,e1a48e939dbc7a1d43507a633d7d812059c6c7316687931af0bc78ca49e14612,2.2,accepted,1.0,1.0,1.0,23,4,initial,,deepseek-v4-pro,data/formal_outputs/2_2_version_228/reports/short/3/papers.jsonl
short,3,3_7,data/formal_corpus/short/3/3_7.pdf,e477d5812f23deccfef2ac5047ab96ed4e63992dc39bbb6c47fa6af596f1e2af,data/formal_outputs/2_2_version_228/short/3/3_7.json,871b5fa3d4d9a44160cfad113eedd65a6fcc3499f59a2b0accba8b7daa7fed7a,2.2,accepted,1.0,1.0,1.0,54,4,initial,,deepseek-v4-pro,data/formal_outputs/2_2_version_228/reports/short/3/papers.jsonl
short,4,4_1,data/formal_corpus/short/4/4_1.pdf,0f0b8858444dd37bb5c000d5cb4385959c72ca62251332c5b8d584a53cf8333f,data/formal_outputs/2_2_version_228/short/4/4_1.json,06d0abd934f20061d5a5bf11ab4349d5bef4ccfd58d6a8fc3679f79754bf60d7,2.2,accepted,1.0,1.0,1.0,10,8,recovery,1,deepseek-v4-pro,data/formal_outputs/2_2_version_228/reports/recovery/short/4/4_1/attempt_1/papers.jsonl
short,4,4_2,data/formal_corpus/short/4/4_2.pdf,5d92672291e28424d5d64c974242f63d9163e5df8fa52fbaab755ff2260143fe,data/formal_outputs/2_2_version_228/short/4/4_2.json,14e7f6bac8027402673b7639eb7209a5f9a689566347a23f5bf58f15ee9235ce,2.2,accepted,1.0,1.0,1.0,14,8,recovery,1,deepseek-v4-pro,data/formal_outputs/2_2_version_228/reports/recovery/short/4/4_2/attempt_1/papers.jsonl
short,4,4_3,data/formal_corpus/short/4/4_3.pdf,d1c276f787e47ae28dea9e0bece30f4b7fa2e8a1a6536558d84b3845fdd19c5f,data/formal_outputs/2_2_version_228/short/4/4_3.json,038e99eab1c109a6d9f1e3b03f40b350a3a3b055f9a7bead59de1d95e5243abd,2.2,accepted,1.0,1.0,1.0,15,4,initial,,deepseek-v4-pro,data/formal_outputs/2_2_version_228/reports/short/4/papers.jsonl
short,4,4_4,data/formal_corpus/short/4/4_4.pdf,2e24f23729ffc4ea9fb1dba1b5cbc7cd1573117ab00b827d68733bc4d6ed76d2,data/formal_outputs/2_2_version_228/short/4/4_4.json,d850eb5246064845873ae130cb909fe674b1d06346a3b0bc74c2e6253a5e7e35,2.2,accepted,1.0,1.0,1.0,13,4,initial,,deepseek-v4-pro,data/formal_outputs/2_2_version_228/reports/short/4/papers.jsonl
short,4,4_5,data/formal_corpus/short/4/4_5.pdf,6d10c32115fbf2d3d847081c6ec439f9d71c0be6084da2ece3f0f08ddc9e541d,data/formal_outputs/2_2_version_228/short/4/4_5.json,ad624b35b44b9450a77d58a18fdf55a40e5255553c130e760a95373f9b02b81e,2.2,accepted,1.0,1.0,1.0,13,8,recovery,1,deepseek-v4-pro,data/formal_outputs/2_2_version_228/reports/recovery/short/4/4_5/attempt_1/papers.jsonl
short,4,4_6,data/formal_corpus/short/4/4_6.pdf,f674a7c954639c86dcbd8b8ff2186df2eae122915c791c9d114877ccc5c2f00f,data/formal_outputs/2_2_version_228/short/4/4_6.json,645008fe15c725e633dbcbadbee77c0693066df8de0c606f376031b444127182,2.2,accepted,0.8679,0.92,0.8214,27,4,initial,,deepseek-v4-pro,data/formal_outputs/2_2_version_228/reports/short/4/papers.jsonl
short,5,5_1,data/formal_corpus/short/5/5_1.pdf,6daa8c9fc2e0a59ff4f91157a04993cdf93d3df40335ecaa8cab4d8b5db04572,data/formal_outputs/2_2_version_228/short/5/5_1.json,7623d6780bca1cf7fb4302b306be4cc6e30f2b549994ccb95706085e80d59afe,2.2,accepted,1.0,1.0,1.0,15,4,initial,,deepseek-v4-pro,data/formal_outputs/2_2_version_228/reports/short/5/papers.jsonl
short,5,5_2,data/formal_corpus/short/5/5_2.pdf,40521b218427090859d60b048d2a31ab561485f3f5883a9d90f4d1f699a5b9bf,data/formal_outputs/2_2_version_228/short/5/5_2.json,bad2f797727c772d48887fe15b9752d6e3dbf3f9a36a0f8a909245478d3656a6,2.2,accepted,1.0,1.0,1.0,4,4,initial,,deepseek-v4-pro,data/formal_outputs/2_2_version_228/reports/short/5/papers.jsonl
short,5,5_3,data/formal_corpus/short/5/5_3.pdf,8542c61bb44e1e77dec9d5d71178d21a07db24e19302345a392079f513cd544e,data/formal_outputs/2_2_version_228/short/5/5_3.json,31751dc8e9e40556c39a8c04b1d90054b3cd6b74cfd236aa705df8bf5faf401c,2.2,accepted,0.9538,0.9841,0.9254,14,4,initial,,deepseek-v4-pro,data/formal_outputs/2_2_version_228/reports/short/5/papers.jsonl
short,5,5_4,data/formal_corpus/short/5/5_4.pdf,351b6205e9379e3a7e20760e63a2918d08b4fa9491da0254efd8125855356fa5,data/formal_outputs/2_2_version_228/short/5/5_4.json,37ec1cdf2e45b9f7e30a46450f728f784e394c767f42c84d4428a2c15b46139a,2.2,accepted,0.9787,0.9787,0.9787,22,4,initial,,deepseek-v4-pro,data/formal_outputs/2_2_version_228/reports/short/5/papers.jsonl
short,5,5_5,data/formal_corpus/short/5/5_5.pdf,c980a3d2c7a3e7ff97f695c13eef3df05c08c44cb330c8705837f233d01b4ef1,data/formal_outputs/2_2_version_228/short/5/5_5.json,dd7ec0285110196874801b93aa941e6055ae97667bf8319f7c1a7abe36509c34,2.2,accepted,1.0,1.0,1.0,15,4,initial,,deepseek-v4-pro,data/formal_outputs/2_2_version_228/reports/short/5/papers.jsonl
short,5,5_6,data/formal_corpus/short/5/5_6.pdf,1316444f00dd64410860fa01a637d81a8bcce378bfdbdbeed7da12e6a834a751,data/formal_outputs/2_2_version_228/short/5/5_6.json,c3a58d66ab231d524cd9c6eb74ca5ec69c77f577e61b98a446a6525062c55eb3,2.2,accepted,1.0,1.0,1.0,27,4,initial,,deepseek-v4-pro,data/formal_outputs/2_2_version_228/reports/short/5/papers.jsonl
short,5,5_7,data/formal_corpus/short/5/5_7.pdf,6859405a82ac3919f9c5963dc9bc30ad9acebe109d781ec8e63211bfdb3c3727,data/formal_outputs/2_2_version_228/short/5/5_7.json,7651f495fd2cd295e4b003d9f3e12aaea9e2d5d2f0713b4f9c62570c4da8483a,2.2,accepted,1.0,1.0,1.0,24,4,initial,,deepseek-v4-pro,data/formal_outputs/2_2_version_228/reports/short/5/papers.jsonl
short,6,6_1,data/formal_corpus/short/6/6_1.pdf,3bdcfbfdfd4a483623e538c0108e1244ff5e4b00177264d092aa38c839fdce90,data/formal_outputs/2_2_version_228/short/6/6_1.json,af8fcc785b65e678442afd8403da788fc489f55ef8e88c4d2dabbe5cb6a7f949,2.2,accepted,1.0,1.0,1.0,48,4,initial,,deepseek-v4-pro,data/formal_outputs/2_2_version_228/reports/short/6/papers.jsonl
short,6,6_2,data/formal_corpus/short/6/6_2.pdf,da42249cb1af03d0c095d730b8313a640ce9d55beef75e327b6e0eed7ba0bf12,data/formal_outputs/2_2_version_228/short/6/6_2.json,4d8934c911ca5916b4a35b8d101d702cceb816dffcec8737242c6ea2121106c0,2.2,accepted,1.0,1.0,1.0,28,4,initial,,deepseek-v4-pro,data/formal_outputs/2_2_version_228/reports/short/6/papers.jsonl
short,6,6_3,data/formal_corpus/short/6/6_3.pdf,f500496b888614e68893543f57a2574cc824a1e46af554972ab7b832cecd1bf4,data/formal_outputs/2_2_version_228/short/6/6_3.json,1167959e9fc10a128cc7717ac9612dddc2d4a02f5544f5c445a2171167cb0dde,2.2,accepted,1.0,1.0,1.0,8,4,initial,,deepseek-v4-pro,data/formal_outputs/2_2_version_228/reports/short/6/papers.jsonl
short,6,6_4,data/formal_corpus/short/6/6_4.pdf,6d7d419ff8f2685726b6fddf7f4c31a6608a92d047da0166460ce18e30cf12b4,data/formal_outputs/2_2_version_228/short/6/6_4.json,d3982a5646959d7afb4905d4a28d2543f5e18027e9d8eb87ba65080f206d96b8,2.2,accepted,0.8364,0.8519,0.8214,12,4,initial,,deepseek-v4-pro,data/formal_outputs/2_2_version_228/reports/short/6/papers.jsonl
short,6,6_5,data/formal_corpus/short/6/6_5.pdf,9d19c372ad1342be7e30b6cfd5f1a1ea7a3ae273c2d1dc77b70877ef11b88d45,data/formal_outputs/2_2_version_228/short/6/6_5.json,485bdc0e17c52c63bcb600188564611a13523d1539d54c6b2080ed3879e2c6b7,2.2,accepted,0.9459,0.9722,0.9211,10,4,initial,,deepseek-v4-pro,data/formal_outputs/2_2_version_228/reports/short/6/papers.jsonl
short,6,6_6,data/formal_corpus/short/6/6_6.pdf,0c798646a0cb6cfbb8d6b9f416a1e36172441c0ea60f588d4342a4632e821252,data/formal_outputs/2_2_version_228/short/6/6_6.json,b1ea91b81b7abec30669dcf7e9eef10d0dff9afcce7eb2d555c917ae694da426,2.2,accepted,0.713,0.5616,0.9762,12,4,initial,,deepseek-v4-pro,data/formal_outputs/2_2_version_228/reports/short/6/papers.jsonl
short,7,7_1,data/formal_corpus/short/7/7_1.pdf,eee5af8a97e2bb545d4d66eb632bb1a51a7a0282bdf8c23be5df72f749df7a01,data/formal_outputs/2_2_version_228/short/7/7_1.json,fb801a64bd2989ee15e7dc19e5c9e0bb28637ac3a85c4be0564521c11b3fa2e7,2.2,accepted,1.0,1.0,1.0,17,4,initial,,deepseek-v4-pro,data/formal_outputs/2_2_version_228/reports/short/7/papers.jsonl
short,7,7_2,data/formal_corpus/short/7/7_2.pdf,829b1215b72c4a5090b0f4fb9d44b07c32e203157f5a69bec881acef3d942b40,data/formal_outputs/2_2_version_228/short/7/7_2.json,a4c51f34d825e7c2a328372689a95676d82f8c0bd070a377776cd677e4b4539f,2.2,accepted,0.896,0.8615,0.9333,17,4,initial,,deepseek-v4-pro,data/formal_outputs/2_2_version_228/reports/short/7/papers.jsonl
short,7,7_3,data/formal_corpus/short/7/7_3.pdf,22a159cf37e29084eae5eaab1d007c62c91aff4e4d25ffbeba2b3b2c75e6ce47,data/formal_outputs/2_2_version_228/short/7/7_3.json,0ca4d86c7e8a8eefd61e38d40af30407e1f55654e86d6a08a562e2f50787a79f,2.2,accepted,1.0,1.0,1.0,11,8,recovery,2,deepseek-v4-pro,data/formal_outputs/2_2_version_228/reports/recovery/short/7/7_3/attempt_2/papers.jsonl
short,7,7_4,data/formal_corpus/short/7/7_4.pdf,aac6510666a6f44acb9908db2209e5d1598d62e02c06ce7c5ca5bc7eb3dd7f2a,data/formal_outputs/2_2_version_228/short/7/7_4.json,7207c92d2661da0406f3f8687c353621feca846444a9fd06859c07fa680edfee,2.2,accepted,0.8033,0.7424,0.875,16,8,recovery,1,deepseek-v4-pro,data/formal_outputs/2_2_version_228/reports/recovery/short/7/7_4/attempt_1/papers.jsonl
short,7,7_5,data/formal_corpus/short/7/7_5.pdf,dfc8e61d6f08e336b01be3282e14fdddc32574f37348b49c81dfc4ff6b9b400c,data/formal_outputs/2_2_version_228/short/7/7_5.json,f999a3cca09c9ff3c96a91cb4e34a562f03d94fe61b84f5000494e92b0e569b6,2.2,accepted,1.0,1.0,1.0,30,4,initial,,deepseek-v4-pro,data/formal_outputs/2_2_version_228/reports/short/7/papers.jsonl
short,7,7_6,data/formal_corpus/short/7/7_6.pdf,865f59b7de09fbb89eff7fa6d7013dc977d0a2cdcec18e3b71583bac31af5dd8,data/formal_outputs/2_2_version_228/short/7/7_6.json,ca09ba6d14b37ce3187acc30b53aa63f8851776c4cd7ebe5f2d90a3ef0304335,2.2,accepted,1.0,1.0,1.0,11,8,recovery,1,deepseek-v4-pro,data/formal_outputs/2_2_version_228/reports/recovery/short/7/7_6/attempt_1/papers.jsonl
short,8,8_1,data/formal_corpus/short/8/8_1.pdf,d76375e7834b3381da5d53a4238378b5d5e5b63fb9f9e5fa7210a89f551a5a59,data/formal_outputs/2_2_version_228/short/8/8_1.json,eb77e6ad79f1415282df3d76f8c300e2212d5b9a2309efd64e3c9e4810cc5710,2.2,accepted,1.0,1.0,1.0,22,8,recovery,1,deepseek-v4-pro,data/formal_outputs/2_2_version_228/reports/recovery/short/8/8_1/attempt_1/papers.jsonl
short,8,8_2,data/formal_corpus/short/8/8_2.pdf,1aab1ef2236f2ba0888829aec87e786b4737289cb76b4dc138b26581a8381a14,data/formal_outputs/2_2_version_228/short/8/8_2.json,e081a5d85acedde81c56f34751e2a153b3e1d09a71032730dc78006051fd742e,2.2,accepted,1.0,1.0,1.0,15,4,initial,,deepseek-v4-pro,data/formal_outputs/2_2_version_228/reports/short/8/papers.jsonl
short,8,8_3,data/formal_corpus/short/8/8_3.pdf,6cd2645d4a50d1a61a261529b33747c674d78851bdbe6993b0961f81a17dc6f2,data/formal_outputs/2_2_version_228/short/8/8_3.json,d91b6b8115a6fd98194d6c64cb3961b14b52cfe903847ae544b63d52ef02f5d8,2.2,accepted,1.0,1.0,1.0,16,4,initial,,deepseek-v4-pro,data/formal_outputs/2_2_version_228/reports/short/8/papers.jsonl
short,8,8_4,data/formal_corpus/short/8/8_4.pdf,47acdfc72c86705fddf9be37909b64d9a4b7b906b5539671fb85208c7fd52772,data/formal_outputs/2_2_version_228/short/8/8_4.json,620e128cde084f08eb9adf7c4a7d30f95a23a0c6b17f7571c0ab048f6be00638,2.2,accepted,1.0,1.0,1.0,17,4,initial,,deepseek-v4-pro,data/formal_outputs/2_2_version_228/reports/short/8/papers.jsonl
short,8,8_5,data/formal_corpus/short/8/8_5.pdf,f5f2f9cc2f305bf77f06812808521696ddbbc06852f4b0db1a970bb322c0c9cb,data/formal_outputs/2_2_version_228/short/8/8_5.json,5215d98b2f473a4ef67afe07776f12305090eb9a9d18534d5976566b2c274f92,2.2,accepted,0.75,0.9512,0.619,26,4,initial,,deepseek-v4-pro,data/formal_outputs/2_2_version_228/reports/short/8/papers.jsonl
short,8,8_6,data/formal_corpus/short/8/8_6.pdf,3290759d728561aa59ef1b27431eec1aed3f6605f9a87eb9dd0ab189c7b9cc1b,data/formal_outputs/2_2_version_228/short/8/8_6.json,68bd439f9ac72cb34f9e3930f05771901927882f4d29b2c70764cd933291a73a,2.2,accepted,1.0,1.0,1.0,42,8,recovery,3,deepseek-v4-pro,data/formal_outputs/2_2_version_228/reports/recovery/short/8/8_6/attempt_3/papers.jsonl
short,9,9_1,data/formal_corpus/short/9/9_1.pdf,1dd67ac4df0796dd196a14aa6382e74d4c7e7b12e40d829d1c305a4401790e46,data/formal_outputs/2_2_version_228/short/9/9_1.json,2125ddf5a47b4f5315ec9de0b64518e426fab0383be76667856ad12868eb3ac7,2.2,accepted,1.0,1.0,1.0,20,4,initial,,deepseek-v4-pro,data/formal_outputs/2_2_version_228/reports/short/9/papers.jsonl
short,9,9_2,data/formal_corpus/short/9/9_2.pdf,fdb5b6e158478e3bb4e8f35f3c1cb9299e0fffc678fca31dd354c1c4dafd5153,data/formal_outputs/2_2_version_228/short/9/9_2.json,8563e66a3f9f7a5be760e4de1b4b3bbcc414b02cb32f9044b49028a8e4c692d9,2.2,accepted,0.9388,0.9857,0.8961,13,8,recovery,4,deepseek-v4-pro,data/formal_outputs/2_2_version_228/reports/recovery/short/9/9_2/attempt_4/papers.jsonl
short,9,9_3,data/formal_corpus/short/9/9_3.pdf,8eb0b3e351150d330202e30af528c9eb548a79905f52bdb0db04686a75b02649,data/formal_outputs/2_2_version_228/short/9/9_3.json,41cc316223545819fe15218b5ad513e1a6c5b4ad0e13382bcbc745af3f86dc61,2.2,accepted,1.0,1.0,1.0,40,4,initial,,deepseek-v4-pro,data/formal_outputs/2_2_version_228/reports/short/9/papers.jsonl
short,9,9_4,data/formal_corpus/short/9/9_4.pdf,eeda26270bbe52bf69c4de01eef1c3de342eb1e67970ee45b53cf1986fc182b4,data/formal_outputs/2_2_version_228/short/9/9_4.json,0e3545723695bf8f73cfac747be06ea60d57102bd754fe892499e513cf433968,2.2,accepted,1.0,1.0,1.0,28,8,recovery,2,deepseek-v4-pro,data/formal_outputs/2_2_version_228/reports/recovery/short/9/9_4/attempt_2/papers.jsonl
short,9,9_5,data/formal_corpus/short/9/9_5.pdf,5731f6e680035a6aab3e35f11eedcc558b7939de5b290a589f43322251eb3e04,data/formal_outputs/2_2_version_228/short/9/9_5.json,75106dd35fe5cc5005e734d499682d1182f89ab5033c3d2eb653134596e5c220,2.2,accepted,0.9193,0.9367,0.9024,17,8,recovery,1,deepseek-v4-pro,data/formal_outputs/2_2_version_228/reports/recovery/short/9/9_5/attempt_1/papers.jsonl
short,9,9_6,data/formal_corpus/short/9/9_6.pdf,18b9bf9ce4a553b7c54ed4aab49f1f5a008f9b7e9915f2f164c8ef4da59559cd,data/formal_outputs/2_2_version_228/short/9/9_6.json,6cdaa51bee38120f5eaa0713cd4138ddedf8ca1d24237551f32f588cc5f04107,2.2,accepted,1.0,1.0,1.0,28,8,recovery,1,deepseek-v4-pro,data/formal_outputs/2_2_version_228/reports/recovery/short/9/9_6/attempt_1/papers.jsonl
short,10,10_1,data/formal_corpus/short/10/10_1.pdf,cb471d4c0063cad56f8d74b6a72fa7dad1677f8423a0a81349487a63bb58d3de,data/formal_outputs/2_2_version_228/short/10/10_1.json,09bb7587f7264bc092e2af32efb7aab2e4997a6755af4ced6ef041a48bb7e6ad,2.2,accepted,1.0,1.0,1.0,12,4,initial,,deepseek-v4-pro,data/formal_outputs/2_2_version_228/reports/short/10/papers.jsonl
short,10,10_2,data/formal_corpus/short/10/10_2.pdf,510efa34d3ff6dbc93b0a09a58272127d8c6ecf656363890e1a823636f83ccf0,data/formal_outputs/2_2_version_228/short/10/10_2.json,6322194e0d9b35edbe7395a64de05c8aafa1c685365ca9fedd25900686a78caf,2.2,accepted,1.0,1.0,1.0,36,4,initial,,deepseek-v4-pro,data/formal_outputs/2_2_version_228/reports/short/10/papers.jsonl
short,10,10_3,data/formal_corpus/short/10/10_3.pdf,07cb8796d7c100bf7c02bc575f16aab72c32630a8f85abd54ad45dc4f63e80fb,data/formal_outputs/2_2_version_228/short/10/10_3.json,e594bf8759965e44cdb1a28d51182de5717523d2c917afe13cf1eb20f37c5b13,2.2,accepted,1.0,1.0,1.0,22,4,initial,,deepseek-v4-pro,data/formal_outputs/2_2_version_228/reports/short/10/papers.jsonl
short,10,10_4,data/formal_corpus/short/10/10_4.pdf,e365be4acbef22492cbe7c534019a025981cd88598c1e8e04f40d588f024d39d,data/formal_outputs/2_2_version_228/short/10/10_4.json,fa00b5e7e7e82d40ecec53d539706ba120ef59a9e99ef04ae988594c7f50cb33,2.2,accepted,0.7692,0.6429,0.9574,10,4,initial,,deepseek-v4-pro,data/formal_outputs/2_2_version_228/reports/short/10/papers.jsonl
short,10,10_5,data/formal_corpus/short/10/10_5.pdf,dfc1e011f88510c5f8123adb3409e3b9b7f3a126495a6db8faf73d21977e0a77,data/formal_outputs/2_2_version_228/short/10/10_5.json,f52fdba5efc81baf6156fbf9484ce54740b18b9cec72a9f22f1cc01883a9b67a,2.2,accepted,0.9091,0.9756,0.8511,13,4,initial,,deepseek-v4-pro,data/formal_outputs/2_2_version_228/reports/short/10/papers.jsonl
short,10,10_6,data/formal_corpus/short/10/10_6.pdf,8f65127c770a8e8994777010ed36dfcf64fc38f840042778eef7fe8ab2c12e10,data/formal_outputs/2_2_version_228/short/10/10_6.json,c6ef93477f4c8556074d1d7e72feeb8a45473b92387c485e3fdd013c5911e4c6,2.2,accepted,1.0,1.0,1.0,42,4,initial,,deepseek-v4-pro,data/formal_outputs/2_2_version_228/reports/short/10/papers.jsonl
