horizon,group,paper_id,attempt,max_chunks,validation_retries,exit_code,merged,error,started_at,completed_at,report_folder,log_file
long,1,1_9,1,8,3,1,False,CLI exit=1; expected_output=False,2026-07-22T18:50:04.500744+00:00,2026-07-22T18:52:30.314883+00:00,/data/rchu/PaperPacket/project_storage/Ordracir_2_2/data/formal_outputs/2_2_version_228/reports/recovery/long/1/1_9/attempt_1,/data/rchu/PaperPacket/project_storage/Ordracir_2_2/data/formal_outputs/2_2_version_228/logs/recovery/long/1/1_9/attempt_1.log
long,1,1_9,2,8,3,1,False,CLI exit=1; expected_output=False,2026-07-22T19:06:38.795838+00:00,2026-07-22T19:08:52.301477+00:00,/data/rchu/PaperPacket/project_storage/Ordracir_2_2/data/formal_outputs/2_2_version_228/reports/recovery/long/1/1_9/attempt_2,/data/rchu/PaperPacket/project_storage/Ordracir_2_2/data/formal_outputs/2_2_version_228/logs/recovery/long/1/1_9/attempt_2.log
long,1,1_9,3,8,3,0,True,,2026-07-22T19:13:35.772720+00:00,2026-07-22T19:15:01.763702+00:00,/data/rchu/PaperPacket/project_storage/Ordracir_2_2/data/formal_outputs/2_2_version_228/reports/recovery/long/1/1_9/attempt_3,/data/rchu/PaperPacket/project_storage/Ordracir_2_2/data/formal_outputs/2_2_version_228/logs/recovery/long/1/1_9/attempt_3.log
long,2,2_11,1,8,3,0,True,,2026-07-22T18:50:04.515148+00:00,2026-07-22T18:52:21.397444+00:00,/data/rchu/PaperPacket/project_storage/Ordracir_2_2/data/formal_outputs/2_2_version_228/reports/recovery/long/2/2_11/attempt_1,/data/rchu/PaperPacket/project_storage/Ordracir_2_2/data/formal_outputs/2_2_version_228/logs/recovery/long/2/2_11/attempt_1.log
long,2,2_19,1,8,3,0,True,,2026-07-22T18:50:04.501771+00:00,2026-07-22T18:51:14.380509+00:00,/data/rchu/PaperPacket/project_storage/Ordracir_2_2/data/formal_outputs/2_2_version_228/reports/recovery/long/2/2_19/attempt_1,/data/rchu/PaperPacket/project_storage/Ordracir_2_2/data/formal_outputs/2_2_version_228/logs/recovery/long/2/2_19/attempt_1.log
long,2,2_3,1,8,3,0,True,,2026-07-22T18:50:04.494030+00:00,2026-07-22T18:51:36.691736+00:00,/data/rchu/PaperPacket/project_storage/Ordracir_2_2/data/formal_outputs/2_2_version_228/reports/recovery/long/2/2_3/attempt_1,/data/rchu/PaperPacket/project_storage/Ordracir_2_2/data/formal_outputs/2_2_version_228/logs/recovery/long/2/2_3/attempt_1.log
long,2,2_8,1,8,3,0,True,,2026-07-22T18:50:04.516917+00:00,2026-07-22T18:57:06.002335+00:00,/data/rchu/PaperPacket/project_storage/Ordracir_2_2/data/formal_outputs/2_2_version_228/reports/recovery/long/2/2_8/attempt_1,/data/rchu/PaperPacket/project_storage/Ordracir_2_2/data/formal_outputs/2_2_version_228/logs/recovery/long/2/2_8/attempt_1.log
long,3,3_15,1,8,3,0,True,,2026-07-22T18:50:04.511833+00:00,2026-07-22T18:51:16.560971+00:00,/data/rchu/PaperPacket/project_storage/Ordracir_2_2/data/formal_outputs/2_2_version_228/reports/recovery/long/3/3_15/attempt_1,/data/rchu/PaperPacket/project_storage/Ordracir_2_2/data/formal_outputs/2_2_version_228/logs/recovery/long/3/3_15/attempt_1.log
long,3,3_20,1,8,3,0,True,,2026-07-22T18:50:04.469840+00:00,2026-07-22T18:53:11.745953+00:00,/data/rchu/PaperPacket/project_storage/Ordracir_2_2/data/formal_outputs/2_2_version_228/reports/recovery/long/3/3_20/attempt_1,/data/rchu/PaperPacket/project_storage/Ordracir_2_2/data/formal_outputs/2_2_version_228/logs/recovery/long/3/3_20/attempt_1.log
long,4,4_24,1,8,3,1,False,CLI exit=1; expected_output=False,2026-07-22T18:50:04.487634+00:00,2026-07-22T18:54:03.058853+00:00,/data/rchu/PaperPacket/project_storage/Ordracir_2_2/data/formal_outputs/2_2_version_228/reports/recovery/long/4/4_24/attempt_1,/data/rchu/PaperPacket/project_storage/Ordracir_2_2/data/formal_outputs/2_2_version_228/logs/recovery/long/4/4_24/attempt_1.log
long,4,4_24,2,8,3,0,True,,2026-07-22T19:06:38.811598+00:00,2026-07-22T19:08:17.545838+00:00,/data/rchu/PaperPacket/project_storage/Ordracir_2_2/data/formal_outputs/2_2_version_228/reports/recovery/long/4/4_24/attempt_2,/data/rchu/PaperPacket/project_storage/Ordracir_2_2/data/formal_outputs/2_2_version_228/logs/recovery/long/4/4_24/attempt_2.log
long,5,5_24,1,8,3,0,True,,2026-07-22T18:51:14.382808+00:00,2026-07-22T18:52:04.257175+00:00,/data/rchu/PaperPacket/project_storage/Ordracir_2_2/data/formal_outputs/2_2_version_228/reports/recovery/long/5/5_24/attempt_1,/data/rchu/PaperPacket/project_storage/Ordracir_2_2/data/formal_outputs/2_2_version_228/logs/recovery/long/5/5_24/attempt_1.log
long,6,6_11,1,8,3,1,False,CLI exit=1; expected_output=False,2026-07-22T18:51:16.570590+00:00,2026-07-22T18:57:03.585112+00:00,/data/rchu/PaperPacket/project_storage/Ordracir_2_2/data/formal_outputs/2_2_version_228/reports/recovery/long/6/6_11/attempt_1,/data/rchu/PaperPacket/project_storage/Ordracir_2_2/data/formal_outputs/2_2_version_228/logs/recovery/long/6/6_11/attempt_1.log
long,6,6_11,2,8,3,0,True,,2026-07-22T19:06:38.787978+00:00,2026-07-22T19:08:03.627576+00:00,/data/rchu/PaperPacket/project_storage/Ordracir_2_2/data/formal_outputs/2_2_version_228/reports/recovery/long/6/6_11/attempt_2,/data/rchu/PaperPacket/project_storage/Ordracir_2_2/data/formal_outputs/2_2_version_228/logs/recovery/long/6/6_11/attempt_2.log
long,6,6_12,1,8,3,1,False,CLI exit=1; expected_output=False,2026-07-22T18:51:36.695932+00:00,2026-07-22T18:57:46.986215+00:00,/data/rchu/PaperPacket/project_storage/Ordracir_2_2/data/formal_outputs/2_2_version_228/reports/recovery/long/6/6_12/attempt_1,/data/rchu/PaperPacket/project_storage/Ordracir_2_2/data/formal_outputs/2_2_version_228/logs/recovery/long/6/6_12/attempt_1.log
long,6,6_12,2,8,3,0,True,,2026-07-22T19:06:38.770582+00:00,2026-07-22T19:12:33.117051+00:00,/data/rchu/PaperPacket/project_storage/Ordracir_2_2/data/formal_outputs/2_2_version_228/reports/recovery/long/6/6_12/attempt_2,/data/rchu/PaperPacket/project_storage/Ordracir_2_2/data/formal_outputs/2_2_version_228/logs/recovery/long/6/6_12/attempt_2.log
long,6,6_18,1,8,3,1,False,CLI exit=1; expected_output=False,2026-07-22T18:52:04.265202+00:00,2026-07-22T18:54:32.777674+00:00,/data/rchu/PaperPacket/project_storage/Ordracir_2_2/data/formal_outputs/2_2_version_228/reports/recovery/long/6/6_18/attempt_1,/data/rchu/PaperPacket/project_storage/Ordracir_2_2/data/formal_outputs/2_2_version_228/logs/recovery/long/6/6_18/attempt_1.log
long,6,6_18,2,8,3,1,False,CLI exit=1; expected_output=False,2026-07-22T19:06:38.786724+00:00,2026-07-22T19:12:55.779617+00:00,/data/rchu/PaperPacket/project_storage/Ordracir_2_2/data/formal_outputs/2_2_version_228/reports/recovery/long/6/6_18/attempt_2,/data/rchu/PaperPacket/project_storage/Ordracir_2_2/data/formal_outputs/2_2_version_228/logs/recovery/long/6/6_18/attempt_2.log
long,6,6_18,3,8,3,0,True,,2026-07-22T19:13:35.762218+00:00,2026-07-22T19:18:43.396347+00:00,/data/rchu/PaperPacket/project_storage/Ordracir_2_2/data/formal_outputs/2_2_version_228/reports/recovery/long/6/6_18/attempt_3,/data/rchu/PaperPacket/project_storage/Ordracir_2_2/data/formal_outputs/2_2_version_228/logs/recovery/long/6/6_18/attempt_3.log
long,6,6_19,1,8,3,0,True,,2026-07-22T18:52:21.401342+00:00,2026-07-22T18:54:18.532485+00:00,/data/rchu/PaperPacket/project_storage/Ordracir_2_2/data/formal_outputs/2_2_version_228/reports/recovery/long/6/6_19/attempt_1,/data/rchu/PaperPacket/project_storage/Ordracir_2_2/data/formal_outputs/2_2_version_228/logs/recovery/long/6/6_19/attempt_1.log
long,6,6_20,1,8,3,0,True,,2026-07-22T18:52:30.320710+00:00,2026-07-22T18:54:24.178301+00:00,/data/rchu/PaperPacket/project_storage/Ordracir_2_2/data/formal_outputs/2_2_version_228/reports/recovery/long/6/6_20/attempt_1,/data/rchu/PaperPacket/project_storage/Ordracir_2_2/data/formal_outputs/2_2_version_228/logs/recovery/long/6/6_20/attempt_1.log
long,6,6_8,1,8,3,0,True,,2026-07-22T18:53:11.751873+00:00,2026-07-22T18:55:39.602756+00:00,/data/rchu/PaperPacket/project_storage/Ordracir_2_2/data/formal_outputs/2_2_version_228/reports/recovery/long/6/6_8/attempt_1,/data/rchu/PaperPacket/project_storage/Ordracir_2_2/data/formal_outputs/2_2_version_228/logs/recovery/long/6/6_8/attempt_1.log
long,6,6_9,1,8,3,0,True,,2026-07-22T18:54:03.063843+00:00,2026-07-22T18:55:01.782353+00:00,/data/rchu/PaperPacket/project_storage/Ordracir_2_2/data/formal_outputs/2_2_version_228/reports/recovery/long/6/6_9/attempt_1,/data/rchu/PaperPacket/project_storage/Ordracir_2_2/data/formal_outputs/2_2_version_228/logs/recovery/long/6/6_9/attempt_1.log
long,7,7_15,1,8,3,0,True,,2026-07-22T18:54:18.558657+00:00,2026-07-22T18:55:25.998081+00:00,/data/rchu/PaperPacket/project_storage/Ordracir_2_2/data/formal_outputs/2_2_version_228/reports/recovery/long/7/7_15/attempt_1,/data/rchu/PaperPacket/project_storage/Ordracir_2_2/data/formal_outputs/2_2_version_228/logs/recovery/long/7/7_15/attempt_1.log
long,7,7_17,1,8,3,1,False,CLI exit=1; expected_output=False,2026-07-22T18:54:24.197857+00:00,2026-07-22T18:56:49.069031+00:00,/data/rchu/PaperPacket/project_storage/Ordracir_2_2/data/formal_outputs/2_2_version_228/reports/recovery/long/7/7_17/attempt_1,/data/rchu/PaperPacket/project_storage/Ordracir_2_2/data/formal_outputs/2_2_version_228/logs/recovery/long/7/7_17/attempt_1.log
long,7,7_17,2,8,3,0,True,,2026-07-22T19:06:38.809994+00:00,2026-07-22T19:08:49.607887+00:00,/data/rchu/PaperPacket/project_storage/Ordracir_2_2/data/formal_outputs/2_2_version_228/reports/recovery/long/7/7_17/attempt_2,/data/rchu/PaperPacket/project_storage/Ordracir_2_2/data/formal_outputs/2_2_version_228/logs/recovery/long/7/7_17/attempt_2.log
long,7,7_21,1,8,3,0,True,,2026-07-22T18:54:32.781958+00:00,2026-07-22T18:56:06.344552+00:00,/data/rchu/PaperPacket/project_storage/Ordracir_2_2/data/formal_outputs/2_2_version_228/reports/recovery/long/7/7_21/attempt_1,/data/rchu/PaperPacket/project_storage/Ordracir_2_2/data/formal_outputs/2_2_version_228/logs/recovery/long/7/7_21/attempt_1.log
long,7,7_23,1,8,3,0,True,,2026-07-22T18:55:01.809664+00:00,2026-07-22T18:55:58.978649+00:00,/data/rchu/PaperPacket/project_storage/Ordracir_2_2/data/formal_outputs/2_2_version_228/reports/recovery/long/7/7_23/attempt_1,/data/rchu/PaperPacket/project_storage/Ordracir_2_2/data/formal_outputs/2_2_version_228/logs/recovery/long/7/7_23/attempt_1.log
long,7,7_25,1,8,3,1,False,CLI exit=1; expected_output=False,2026-07-22T18:55:26.014993+00:00,2026-07-22T18:56:51.818654+00:00,/data/rchu/PaperPacket/project_storage/Ordracir_2_2/data/formal_outputs/2_2_version_228/reports/recovery/long/7/7_25/attempt_1,/data/rchu/PaperPacket/project_storage/Ordracir_2_2/data/formal_outputs/2_2_version_228/logs/recovery/long/7/7_25/attempt_1.log
long,7,7_25,2,8,3,1,False,CLI exit=1; expected_output=False,2026-07-22T19:06:38.802873+00:00,2026-07-22T19:08:14.383648+00:00,/data/rchu/PaperPacket/project_storage/Ordracir_2_2/data/formal_outputs/2_2_version_228/reports/recovery/long/7/7_25/attempt_2,/data/rchu/PaperPacket/project_storage/Ordracir_2_2/data/formal_outputs/2_2_version_228/logs/recovery/long/7/7_25/attempt_2.log
long,7,7_25,3,8,3,0,True,,2026-07-22T19:13:35.778865+00:00,2026-07-22T19:14:36.939636+00:00,/data/rchu/PaperPacket/project_storage/Ordracir_2_2/data/formal_outputs/2_2_version_228/reports/recovery/long/7/7_25/attempt_3,/data/rchu/PaperPacket/project_storage/Ordracir_2_2/data/formal_outputs/2_2_version_228/logs/recovery/long/7/7_25/attempt_3.log
long,7,7_26,1,8,3,0,True,,2026-07-22T18:55:39.620696+00:00,2026-07-22T18:56:37.207810+00:00,/data/rchu/PaperPacket/project_storage/Ordracir_2_2/data/formal_outputs/2_2_version_228/reports/recovery/long/7/7_26/attempt_1,/data/rchu/PaperPacket/project_storage/Ordracir_2_2/data/formal_outputs/2_2_version_228/logs/recovery/long/7/7_26/attempt_1.log
short,2,2_1,1,8,3,1,False,CLI exit=1; expected_output=False,2026-07-22T18:55:58.983135+00:00,2026-07-22T18:59:03.811776+00:00,/data/rchu/PaperPacket/project_storage/Ordracir_2_2/data/formal_outputs/2_2_version_228/reports/recovery/short/2/2_1/attempt_1,/data/rchu/PaperPacket/project_storage/Ordracir_2_2/data/formal_outputs/2_2_version_228/logs/recovery/short/2/2_1/attempt_1.log
short,2,2_1,2,8,3,0,True,,2026-07-22T19:06:38.792217+00:00,2026-07-22T19:08:33.860428+00:00,/data/rchu/PaperPacket/project_storage/Ordracir_2_2/data/formal_outputs/2_2_version_228/reports/recovery/short/2/2_1/attempt_2,/data/rchu/PaperPacket/project_storage/Ordracir_2_2/data/formal_outputs/2_2_version_228/logs/recovery/short/2/2_1/attempt_2.log
short,4,4_1,1,8,3,0,True,,2026-07-22T18:56:06.351182+00:00,2026-07-22T18:57:10.739355+00:00,/data/rchu/PaperPacket/project_storage/Ordracir_2_2/data/formal_outputs/2_2_version_228/reports/recovery/short/4/4_1/attempt_1,/data/rchu/PaperPacket/project_storage/Ordracir_2_2/data/formal_outputs/2_2_version_228/logs/recovery/short/4/4_1/attempt_1.log
short,4,4_2,1,8,3,0,True,,2026-07-22T18:56:37.215368+00:00,2026-07-22T18:58:37.933600+00:00,/data/rchu/PaperPacket/project_storage/Ordracir_2_2/data/formal_outputs/2_2_version_228/reports/recovery/short/4/4_2/attempt_1,/data/rchu/PaperPacket/project_storage/Ordracir_2_2/data/formal_outputs/2_2_version_228/logs/recovery/short/4/4_2/attempt_1.log
short,4,4_5,1,8,3,0,True,,2026-07-22T18:56:49.080465+00:00,2026-07-22T19:00:45.601828+00:00,/data/rchu/PaperPacket/project_storage/Ordracir_2_2/data/formal_outputs/2_2_version_228/reports/recovery/short/4/4_5/attempt_1,/data/rchu/PaperPacket/project_storage/Ordracir_2_2/data/formal_outputs/2_2_version_228/logs/recovery/short/4/4_5/attempt_1.log
short,7,7_3,1,8,3,1,False,CLI exit=1; expected_output=False,2026-07-22T18:56:51.827847+00:00,2026-07-22T19:05:58.269896+00:00,/data/rchu/PaperPacket/project_storage/Ordracir_2_2/data/formal_outputs/2_2_version_228/reports/recovery/short/7/7_3/attempt_1,/data/rchu/PaperPacket/project_storage/Ordracir_2_2/data/formal_outputs/2_2_version_228/logs/recovery/short/7/7_3/attempt_1.log
short,7,7_3,2,8,3,0,True,,2026-07-22T19:08:03.636461+00:00,2026-07-22T19:10:24.961262+00:00,/data/rchu/PaperPacket/project_storage/Ordracir_2_2/data/formal_outputs/2_2_version_228/reports/recovery/short/7/7_3/attempt_2,/data/rchu/PaperPacket/project_storage/Ordracir_2_2/data/formal_outputs/2_2_version_228/logs/recovery/short/7/7_3/attempt_2.log
short,7,7_4,1,8,3,0,True,,2026-07-22T18:57:03.589254+00:00,2026-07-22T18:59:10.283235+00:00,/data/rchu/PaperPacket/project_storage/Ordracir_2_2/data/formal_outputs/2_2_version_228/reports/recovery/short/7/7_4/attempt_1,/data/rchu/PaperPacket/project_storage/Ordracir_2_2/data/formal_outputs/2_2_version_228/logs/recovery/short/7/7_4/attempt_1.log
short,7,7_6,1,8,3,0,True,,2026-07-22T18:57:06.007241+00:00,2026-07-22T18:58:11.806050+00:00,/data/rchu/PaperPacket/project_storage/Ordracir_2_2/data/formal_outputs/2_2_version_228/reports/recovery/short/7/7_6/attempt_1,/data/rchu/PaperPacket/project_storage/Ordracir_2_2/data/formal_outputs/2_2_version_228/logs/recovery/short/7/7_6/attempt_1.log
short,8,8_1,1,8,3,0,True,,2026-07-22T18:57:10.755884+00:00,2026-07-22T18:57:49.047793+00:00,/data/rchu/PaperPacket/project_storage/Ordracir_2_2/data/formal_outputs/2_2_version_228/reports/recovery/short/8/8_1/attempt_1,/data/rchu/PaperPacket/project_storage/Ordracir_2_2/data/formal_outputs/2_2_version_228/logs/recovery/short/8/8_1/attempt_1.log
short,8,8_6,1,8,3,1,False,CLI exit=1; expected_output=False,2026-07-22T18:57:46.997003+00:00,2026-07-22T18:59:16.728065+00:00,/data/rchu/PaperPacket/project_storage/Ordracir_2_2/data/formal_outputs/2_2_version_228/reports/recovery/short/8/8_6/attempt_1,/data/rchu/PaperPacket/project_storage/Ordracir_2_2/data/formal_outputs/2_2_version_228/logs/recovery/short/8/8_6/attempt_1.log
short,8,8_6,2,8,3,1,False,CLI exit=1; expected_output=False,2026-07-22T19:08:14.410947+00:00,2026-07-22T19:09:17.843158+00:00,/data/rchu/PaperPacket/project_storage/Ordracir_2_2/data/formal_outputs/2_2_version_228/reports/recovery/short/8/8_6/attempt_2,/data/rchu/PaperPacket/project_storage/Ordracir_2_2/data/formal_outputs/2_2_version_228/logs/recovery/short/8/8_6/attempt_2.log
short,8,8_6,3,8,3,0,True,,2026-07-22T19:13:35.768817+00:00,2026-07-22T19:14:12.448207+00:00,/data/rchu/PaperPacket/project_storage/Ordracir_2_2/data/formal_outputs/2_2_version_228/reports/recovery/short/8/8_6/attempt_3,/data/rchu/PaperPacket/project_storage/Ordracir_2_2/data/formal_outputs/2_2_version_228/logs/recovery/short/8/8_6/attempt_3.log
short,9,9_2,1,8,3,1,False,CLI exit=1; expected_output=False,2026-07-22T18:57:49.052985+00:00,2026-07-22T19:04:46.410656+00:00,/data/rchu/PaperPacket/project_storage/Ordracir_2_2/data/formal_outputs/2_2_version_228/reports/recovery/short/9/9_2/attempt_1,/data/rchu/PaperPacket/project_storage/Ordracir_2_2/data/formal_outputs/2_2_version_228/logs/recovery/short/9/9_2/attempt_1.log
short,9,9_2,2,8,3,1,False,CLI exit=1; expected_output=False,2026-07-22T19:08:17.552635+00:00,2026-07-22T19:10:46.518410+00:00,/data/rchu/PaperPacket/project_storage/Ordracir_2_2/data/formal_outputs/2_2_version_228/reports/recovery/short/9/9_2/attempt_2,/data/rchu/PaperPacket/project_storage/Ordracir_2_2/data/formal_outputs/2_2_version_228/logs/recovery/short/9/9_2/attempt_2.log
short,9,9_2,3,8,3,1,False,CLI exit=1; expected_output=False,2026-07-22T19:13:35.747359+00:00,2026-07-22T19:22:51.830041+00:00,/data/rchu/PaperPacket/project_storage/Ordracir_2_2/data/formal_outputs/2_2_version_228/reports/recovery/short/9/9_2/attempt_3,/data/rchu/PaperPacket/project_storage/Ordracir_2_2/data/formal_outputs/2_2_version_228/logs/recovery/short/9/9_2/attempt_3.log
short,9,9_2,4,8,0,0,True,,2026-07-22T19:23:44.673174+00:00,2026-07-22T19:26:24.560890+00:00,/data/rchu/PaperPacket/project_storage/Ordracir_2_2/data/formal_outputs/2_2_version_228/reports/recovery/short/9/9_2/attempt_4,
short,9,9_4,1,8,3,1,False,CLI exit=1; expected_output=False,2026-07-22T18:58:11.810331+00:00,2026-07-22T19:00:04.994926+00:00,/data/rchu/PaperPacket/project_storage/Ordracir_2_2/data/formal_outputs/2_2_version_228/reports/recovery/short/9/9_4/attempt_1,/data/rchu/PaperPacket/project_storage/Ordracir_2_2/data/formal_outputs/2_2_version_228/logs/recovery/short/9/9_4/attempt_1.log
short,9,9_4,2,8,3,0,True,,2026-07-22T19:08:33.867029+00:00,2026-07-22T19:09:32.401457+00:00,/data/rchu/PaperPacket/project_storage/Ordracir_2_2/data/formal_outputs/2_2_version_228/reports/recovery/short/9/9_4/attempt_2,/data/rchu/PaperPacket/project_storage/Ordracir_2_2/data/formal_outputs/2_2_version_228/logs/recovery/short/9/9_4/attempt_2.log
short,9,9_5,1,8,3,0,True,,2026-07-22T18:58:37.937816+00:00,2026-07-22T19:01:15.139761+00:00,/data/rchu/PaperPacket/project_storage/Ordracir_2_2/data/formal_outputs/2_2_version_228/reports/recovery/short/9/9_5/attempt_1,/data/rchu/PaperPacket/project_storage/Ordracir_2_2/data/formal_outputs/2_2_version_228/logs/recovery/short/9/9_5/attempt_1.log
short,9,9_6,1,8,3,0,True,,2026-07-22T18:59:03.818460+00:00,2026-07-22T19:00:18.984928+00:00,/data/rchu/PaperPacket/project_storage/Ordracir_2_2/data/formal_outputs/2_2_version_228/reports/recovery/short/9/9_6/attempt_1,/data/rchu/PaperPacket/project_storage/Ordracir_2_2/data/formal_outputs/2_2_version_228/logs/recovery/short/9/9_6/attempt_1.log
